skill,0,1,2,3,4,5,6,7,8,9,10,11,12,13,14,15,16,17,18,19,20,21,22,23,24,25,26,27,28,29,30,31,32,33,34,35,36,37,38,39,40,41,42,43,44,45,46,47,48,49
Absolute Value,-0.035165545,-0.08905452,0.14095642,-0.022084216,-0.114595294,0.030004248,0.078307815,-0.12512499,-0.0047447667,-0.005606529,-0.2540637,-0.08797014,-0.05767246,-0.08687273,0.1363169,-0.10955728,0.32994547,0.023169776,-0.08419739,0.029211279,-0.016876748,0.0031642993,-0.07258761,0.17263277,-0.09021696,0.008913936,-0.0053159986,0.3268351,-0.04796371,0.10455396,0.012810784,-0.040973216,-0.42365178,0.07024384,0.007425369,0.10891585,-0.006527224,-0.07357036,0.035123736,0.31900024,0.1219533,-0.080672,-0.027072819,0.26031774,-0.26823512,-0.16028456,-0.16163509,0.021037808,0.13274778,-0.03886895
Addition Whole Numbers,-0.09648436,0.32660204,0.12273845,0.12586723,-0.19463383,-0.19030246,-0.058170266,-0.08812633,-0.059577253,0.020506678,-0.011612678,0.054184094,-0.11767234,-0.24498673,-0.07556011,0.16751485,0.093598455,-9.8264965e-05,-0.013353124,-0.28046036,-0.1666111,0.18117209,0.031877965,0.087036565,-0.10218285,0.028698701,-0.2896275,0.14934008,-0.26354158,-0.036268603,0.043760743,0.027147014,-0.09503333,0.06646757,-0.053455975,0.03640038,0.10745651,0.036602855,0.10671962,0.16679269,-0.026011024,0.062062748,0.15453249,-0.14426184,-0.018264845,-0.25954512,-0.22128661,0.14255978,0.19328466,0.110687055
Addition and Subtraction Fractions,-0.078456946,-0.12150932,-0.15742837,0.18219595,0.102070086,-0.092868485,-0.33902824,-0.03654247,0.08277744,0.014412115,0.10418223,0.09160646,-0.022353623,0.17003554,-0.021071235,-0.32249779,-0.115513526,0.04273383,-0.14522143,-0.038683813,-0.063478336,-0.10483715,-0.059007697,0.12218461,-0.080469474,0.18732493,-0.11166296,0.18533832,-0.03029255,-0.0050919144,0.07168018,0.17722936,-0.06754754,-0.1630208,0.1652072,0.3583893,-0.05298537,-0.2708868,-0.123669185,0.05386932,0.015085505,0.20043917,-0.15656912,-0.22761929,-0.039638434,0.075346276,-0.08831927,-0.04370603,-0.05097446,0.10492961
Addition and Subtraction Integers,-0.06420229,-0.044151086,0.038567513,-0.22848353,-0.2622032,-0.13934395,-0.050031416,-0.14413916,0.025193749,0.09000787,-0.19800024,0.20808916,-0.029001838,-0.08722974,0.26999798,-0.30357054,0.0044871196,-0.20240913,-0.26318508,-0.0046898397,0.031331316,0.20525521,-0.12234395,0.06352065,-0.06104601,0.124250256,-0.0900219,0.14840342,0.008099098,-0.052140873,0.21890628,-0.06941274,-0.19037111,0.063047424,-0.04851586,0.1469248,0.02046255,0.1341317,-0.0010884692,-0.004121403,-0.093767636,0.089711785,-0.085078456,0.020935642,-0.32416746,-0.09682648,-0.1841688,0.15681945,-0.07933094,0.021717377
Addition and Subtraction Positive Decimals,-0.013742621,0.20216942,0.059597462,-0.18666825,0.11930119,-0.08658021,-0.11478277,0.06578508,-0.005216182,-0.19487508,-0.17391886,-0.0029108697,-0.008708723,0.3004942,0.023790766,-0.0055460236,-0.24659741,-0.18396945,0.03387608,-0.15922889,-0.20532924,0.011538935,-0.14174874,0.18840863,0.029303316,0.010439808,-0.21991895,0.14864947,0.0680655,-0.06165364,-0.007830124,0.07650399,-0.25745937,0.05284447,0.065777175,0.21874008,-0.32389644,0.07156754,0.06900318,0.13054153,0.07258943,0.15753236,0.028003747,-0.29048187,-0.06295933,-0.001747968,-0.09260001,0.17964803,0.040645313,0.04961803
Algebraic Solving,-0.16491586,0.07304123,-0.02342111,0.058170266,0.012099768,0.07405623,0.10598835,0.46675494,-0.07554234,0.11288379,-0.12522468,0.013778482,0.15336873,0.024551632,-0.24087088,0.001356917,0.0051106857,-0.0090463115,-0.008304688,0.08395534,0.21492077,0.06943987,-0.055202372,-0.13410172,0.10154306,0.111828096,0.19655244,-0.0018467661,0.19658118,0.10193267,0.22279975,-0.18914081,0.089497976,-0.3051107,0.21667603,-0.06271814,0.102011986,-0.021641277,-0.071985014,-0.03369482,-0.010633538,0.13377494,-0.031329665,-0.107966684,-0.26365554,0.01721033,0.14415844,0.04868841,-0.06903948,0.19905366
"Angles - Obtuse, Acute, and Right",-0.07594789,-0.017935297,-0.093682416,-0.10341937,-0.13497931,-0.0067520146,-0.032491133,-0.049241398,0.1335028,0.018204488,0.101634964,-0.102476195,0.3277928,-0.0140704,0.06074476,-0.005844944,0.10702944,0.1688262,0.13510154,0.021759981,-0.1654967,-0.11161153,-0.015281458,0.17529882,0.3252969,-0.11180808,-0.059857506,-0.12789108,0.053421006,-0.009643805,-0.19393718,0.23187365,0.071446694,0.0815482,-0.29053426,0.07853358,0.08219396,-0.008635182,-0.08512339,0.05187436,-0.16948153,-0.033390906,0.15431081,-0.1968612,0.37097853,0.25214082,0.07715114,-0.026967043,0.008087436,-0.14426506
Angles on Parallel Lines Cut by a Transversal,-0.19641359,0.09618044,0.037890594,0.10747443,-0.1642476,-0.15778199,0.14913796,0.052380964,0.042348705,-0.2797009,-0.10830328,0.006814733,0.08068115,-0.18300533,0.03265874,-0.16812356,0.0872582,0.29570037,0.09714949,0.2716267,0.10304821,-0.08821764,0.006600616,-0.27615446,0.106458336,0.054033402,0.28883561,-0.020316381,0.16154669,0.03538916,0.015245403,-0.13497724,0.062702104,-0.10907356,-0.22040258,-0.21355797,0.088865116,-0.009630164,-0.093571566,-0.060541913,0.09926478,0.20255654,0.21157105,-0.03665891,0.02443484,-0.07990789,-0.034851633,0.0070213783,0.20526136,-0.08080959
Area Circle,-0.03596102,0.07236082,-0.05725901,-0.34302023,0.06089839,-0.052744094,0.009942774,-0.23078866,0.05823138,-0.21826842,0.34538722,-0.05958411,-0.14166246,-0.020439973,0.032369684,-0.04579338,0.0747246,-0.04179785,0.11439396,0.080927335,0.32868323,-0.33703774,-0.0368626,-0.20363201,0.10515142,-0.019270055,-0.12069709,0.2013372,0.0029903916,0.08193132,0.0016388507,0.064910665,0.027949424,-0.10391674,0.013861944,0.08440919,0.22245874,0.18401228,0.03645042,-0.13435479,-0.14600687,0.16219191,0.12108107,0.08679761,0.013081173,-0.092356965,0.18831202,-0.06360837,0.025817234,-0.07722575
Area Irregular Figure,-0.0016099496,0.02779442,0.08078269,-0.055917054,-0.064953595,-0.17251034,-0.063224986,-0.12252958,0.041514214,-0.15475567,0.19034636,-0.01433134,-0.1756405,-0.03427507,-0.1517729,0.006504354,0.17633191,-0.029089725,-0.0042101825,0.3035567,0.24149495,0.07929416,-0.1030928,0.0071157767,0.1721022,-0.07102416,-0.15017481,0.13569896,0.15058598,-0.15793297,-0.23819673,-0.009072484,0.18261576,-0.036077168,-0.029929819,-0.2047137,0.14809683,0.22737256,-0.08815327,-0.13927019,0.04704906,0.05411238,0.15396069,0.031260036,0.09541719,-0.20804295,0.17603853,-0.20232567,-0.073440194,-0.3195819
Area Parallelogram,-0.1245224,-0.23454045,0.14808995,-0.26171046,0.31802145,0.070930846,0.14818767,-0.09404807,0.12050747,-0.05515678,0.254524,-0.14266272,-0.2225953,-0.1488234,-0.23612337,-0.10915086,0.06876475,0.10489954,0.11260265,-0.10138844,0.1067955,-0.1675465,0.09550897,0.06527786,0.07020893,-0.01683015,-0.2156209,-0.012354312,0.032228705,0.039379854,-0.16668501,-0.039591495,0.10584495,-0.15606606,0.06390872,-0.037870392,0.039214503,0.36023965,0.02637483,0.10561952,-0.15545844,0.053100727,0.07263566,0.15126823,0.024006682,-0.16029947,0.036684684,-0.08885688,-0.04288422,0.08908636
Area Rectangle,-0.15138957,0.05282984,0.12096446,-0.2144561,0.257613,0.005746437,0.05035048,-0.14065678,0.02985167,0.1764693,0.2837092,-0.09545119,-0.026275914,-0.22219528,-0.2099352,-0.032037653,0.055889614,-0.021763748,0.14247477,-0.0349282,0.029842047,-0.25246423,0.1148118,-0.11156811,-0.09826153,-0.028355006,-0.22418089,-0.16878437,-0.06795429,0.044858083,-0.14526682,0.2136579,0.13384423,-0.067896575,-0.12950158,-0.10387779,-0.10954456,0.18587904,0.194988,-0.035973743,-0.14953548,0.102952495,-0.037402377,0.07616475,0.10063621,-0.11589111,-0.2908321,-0.19562422,0.085122325,-0.020647787
Area Trapezoid,0.000793248,-0.17259696,0.11291987,-0.20224552,0.35476145,0.077649005,0.1319948,0.09574282,-0.0022482907,-0.043619253,0.13068269,0.05981584,-0.17074554,-0.19173391,-0.080895185,-0.05597925,0.08496177,0.1161185,0.07165106,0.15497822,0.20256288,-0.17983668,-0.09764832,0.022075918,0.08552717,-0.13900279,-0.18285581,-0.025986498,-0.10352111,0.122611865,-0.054282006,0.096667804,0.10308928,0.023727508,-0.04471595,-0.15184134,0.21757795,0.11366195,0.029135108,0.056852397,-0.21800354,0.08445763,0.22060768,0.21197149,0.04627444,-0.21685134,0.056942828,-0.29621053,-0.07825526,0.18101783
Area Triangle,-0.06201217,-0.008371917,0.07883661,-0.26863384,0.23441395,0.028439436,0.025777627,0.103381805,0.086787395,-0.07420188,0.2225175,-0.22780053,0.052319642,-0.051963832,-0.103554524,-0.04229146,-0.080453806,-0.021787776,0.2116859,0.07824641,0.02936898,-0.14849871,0.058194734,-0.0058242264,0.11628872,-0.07773789,-0.3200346,0.012143469,-0.020166999,0.04634837,-0.1749412,0.083059326,-0.032920144,-0.17697199,-0.016470695,-0.029560003,-0.061288662,0.28891495,0.38517419,0.12845556,-0.2444223,0.10464626,0.061552443,0.2474397,0.12180274,-0.002406576,0.018850617,-0.15079209,0.017422019,0.110482596
Box and Whisker,-0.10513851,0.20490305,-0.06521262,0.19846153,0.11563142,-0.23477238,0.027572319,0.08597912,0.13848132,-0.2187086,-0.029110493,-0.07179052,-0.13180266,-0.1353408,-0.010028116,0.15650785,0.07201062,-0.010345976,-0.07901376,-0.17192383,-0.10931885,-0.118961416,0.12751293,-0.16713755,0.09077698,0.12446019,0.11472243,-0.08923148,0.056484062,-0.16341248,-0.012716255,-0.18085088,-0.032328263,-0.2208764,0.042613167,-0.096999496,-0.26391566,-0.21407002,-0.06568191,-0.21963385,-0.014180512,-0.054638535,0.031073846,0.048233934,-0.16219139,-0.14559019,0.43064797,-0.048603714,-0.012138803,0.057797242
Calculations with Similar Figures,-0.16313632,-0.15093811,-0.14461114,0.059467148,0.10961721,-0.30293494,0.03249405,-0.22586237,-0.047092337,-0.14714245,-0.06029897,-0.14238629,-0.2415852,0.0037014415,0.183195,0.16953918,0.017295273,0.03197857,0.07459516,0.020963822,0.048410147,0.15899937,0.07541185,-0.18496972,0.15545928,-0.13129845,0.3051757,0.12215076,0.0014044452,-0.019415958,-0.16106905,0.110579394,0.19888565,0.08374529,0.0068772384,0.021683121,0.15724117,0.09974432,0.026412912,0.25326344,-0.1771476,0.028909827,0.22304468,-0.07194599,-0.021665832,-0.14776206,0.08994854,-0.1722542,-0.19019666,0.09485819
Circumference ,0.1436112,-0.037963927,0.08449134,-0.23679931,-0.0075582312,0.08955224,-0.1704198,-0.051162105,0.06306298,-0.14551601,0.24746728,-0.26291156,-0.08534052,-0.030167913,0.005191276,0.11041132,-0.052787848,0.1274814,0.14807652,0.14845903,0.31425604,-0.2761207,-0.06926439,-0.047229752,-0.06472046,0.045141365,-0.07554731,0.023164809,-0.07277508,0.14184049,-0.09750785,0.019597568,-0.062949546,0.003905417,-0.03210386,0.051377498,0.2509033,0.16359226,0.0885705,-0.17460337,-0.057113346,0.007934387,0.3427115,0.21649942,0.020418735,-0.04344477,0.061300952,-0.20340067,0.19197795,-0.13644795
Combining Like Terms,-0.13520296,0.07442519,0.0015744751,0.03280574,-0.16133681,0.035666484,-0.04760071,-0.009059126,0.082353644,0.094407134,-0.12585841,-0.013905314,0.056022797,-0.089428835,-0.12677298,0.062130112,0.27455464,0.16283393,0.053707086,0.086379886,0.027186079,0.08705823,-0.22399302,0.27823493,-0.22200717,-0.07755383,0.26376382,0.05993176,0.08313929,0.19731604,0.01686375,-0.084373556,0.18739808,-0.24935465,0.28937042,0.21546476,0.064323395,0.22627154,-0.1160279,0.0409512,0.08307643,0.07927086,-0.15067552,0.18853207,-0.11018321,0.13648172,0.17449395,0.11862844,-0.074958734,-0.050237235
Complementary and Supplementary Angles,-0.19794372,0.0063738227,-0.08661505,0.11359653,-0.08658137,-0.095597215,-0.097855784,-0.23091996,0.1630813,-0.015124414,-0.042371936,0.11390822,0.13999923,-0.27200887,0.020649033,-0.13909452,0.16484128,0.26543155,0.30348513,0.23388368,0.20704788,-0.11865553,0.09770436,0.0032060645,0.009139505,-0.13536628,0.12154515,0.0019113453,0.14787363,-0.007020748,-0.18234208,-0.07851661,-0.0071544372,0.004295518,-0.21559016,0.027979922,0.29857796,0.12226431,-0.11048347,-0.033275202,-0.0637361,0.010718363,0.17330216,0.0018593229,0.034655657,-0.052126206,-0.049824614,-0.25654766,0.13259101,-0.10805037
Composition of Function Adding,-0.044989355,-0.0846765,0.23473097,0.16842595,-0.052266378,0.04890231,-0.06796924,0.095418036,0.06628381,-0.07602887,0.009997971,0.01603983,0.040420633,0.10889546,-0.18170735,-0.053778138,-0.23630507,0.20256808,-0.037565578,-0.39852917,0.04863284,0.31744936,-0.05306699,0.104703344,0.12589994,-0.16142498,0.18928331,-0.041994464,-0.081020646,0.017042516,0.08370111,-0.012422364,0.24126044,0.015244421,-0.14638214,-0.23312561,-0.012801173,-0.05680515,-0.08746628,-0.17837341,-0.024535552,-0.050168432,0.06457269,0.14343147,-0.1352912,-0.14831439,0.01126906,0.28273124,0.13129595,-0.13593517
Computation with Real Numbers,0.073582776,0.056097277,-0.09365183,0.13901527,0.035063807,0.0072641247,-0.072200865,-0.25265673,0.09697043,0.08038148,0.012531906,0.16896614,0.25111312,0.06019486,-0.18530226,-0.05977547,-0.09462169,-0.08663594,-0.2931915,0.16840093,-0.0800699,-0.06554323,0.0024281207,0.053839117,-0.12679476,0.1277034,0.0031738793,0.09776235,0.02961836,0.24360567,0.20762518,0.16920064,0.1531975,0.08308955,-0.056554932,0.24718893,-0.0325358,-0.04630422,0.38948008,0.24307328,0.080794364,0.13081075,0.10859329,-0.012454547,-0.13719396,0.10561189,0.026292935,0.0143624805,-0.02660062,0.22298878
Congruence,-0.10606518,0.027609764,-0.013474403,0.08533726,-0.28105947,-0.15755327,-0.03337759,-0.22694755,0.1291221,-0.42896876,0.10132221,0.09767497,0.17014134,-0.041316427,0.15876673,-0.06330921,-0.052211568,0.11518425,0.017356442,0.14685473,-0.0077470634,-0.12967424,0.20264281,-0.18651989,0.13398905,-0.06698376,0.033709213,-0.011879395,0.09975171,0.028574685,0.09816543,-0.101101324,0.07967012,0.20273662,-0.20489779,-0.0012462892,-0.02435546,0.3132531,0.037166324,0.020411823,-0.08963113,-0.12713039,0.07347684,-0.027238788,0.0123574855,-0.07667256,0.09991363,-0.19173543,0.13115686,-0.26176938
Conversion of Fraction Decimals Percents,0.11148848,-0.06719325,-0.20554459,-0.05079452,0.07977933,-0.10210782,0.08804788,-0.008634066,0.026939154,-0.02452553,0.04103042,0.14352101,-0.20594937,0.09365028,0.16233349,-0.16771346,-0.30937067,-0.041054778,-0.034255903,-0.16782415,-0.07332866,0.03778039,0.0022018086,0.2057364,0.10111342,0.29844087,0.10359365,-0.08943105,0.30923527,0.02587934,-0.08541043,0.2563513,0.0071666217,-0.020327501,-0.26536694,0.30241698,0.11483521,-0.020024536,-0.0020417627,0.13138579,0.20167933,-0.15866044,0.0111073535,0.086299114,-0.11718884,0.09359108,-0.04627655,-0.10355654,-0.035466526,0.13381632
Counting Methods,-0.06717919,0.1557514,-0.12876879,0.028394446,0.010377649,-0.16024658,0.24231449,-0.07949127,0.17416501,-0.046729475,-0.048627496,0.12943663,-0.2812495,-0.046289563,-0.14971869,0.19761452,-0.16737784,-0.16580628,-0.038123153,0.06482695,0.00021562964,-0.17173123,-0.08096703,-0.40554154,0.00965624,-0.14962314,-0.12866609,0.013202016,0.044605643,0.11756458,-0.073465414,-0.20494711,0.037028324,0.08016878,0.1405854,0.14250697,0.05800083,-0.11082968,-0.11618618,-0.064451106,-0.03665411,-0.1320952,-0.14687029,-0.0017860115,0.21707267,-0.079645336,0.20974791,-0.12757209,0.26325446,0.0018122065
Definition Pi,0.018434811,-0.11817786,0.12926084,-0.052607093,0.03221912,-0.079801366,0.005573299,0.21360146,-0.21018657,0.20426902,0.027703973,0.03381132,0.22745171,-0.14178053,0.07396871,-0.0063066916,-0.07107435,-0.029308205,0.30404878,0.13192801,0.17069866,-0.02387593,-0.12337681,-0.11431579,-0.22023064,-0.16302913,0.23431693,-0.0031016849,-0.035641525,-0.0016255281,-0.17736512,-0.09555776,-0.08104801,0.17538704,-0.21666093,0.14168513,0.29687533,-0.068283714,0.102635525,-0.08762002,-0.09609722,-0.09254839,0.30520478,-0.0004238492,0.047042716,-0.06452648,0.2068058,-0.07572348,0.10980014,-0.0955873
Distributive Property,0.0065550166,0.0015428821,0.013242538,0.18210885,0.119729646,0.14564985,-0.076494865,-0.15491402,-0.0037779228,0.1405574,-0.09038419,-0.036455873,0.10275382,0.058374166,-0.16594405,-0.06458911,0.3090422,0.111956984,-0.028742025,0.14241262,0.1877001,0.044064924,-0.2978314,0.11928845,-0.1813629,-0.07285295,0.17496264,0.027367204,-0.12508015,0.09926451,0.23670547,-0.074790575,0.0049902163,-0.18705675,0.26620924,-0.011264958,-0.060495626,0.16695243,-0.20558344,-0.038292386,0.10142149,-0.012369826,-0.037107334,-0.022594497,0.11218025,0.09276812,-0.34929433,0.07277208,-0.123163395,0.20754117
Divisibility Rules,0.16164435,-0.07106118,-0.15338509,-0.11288046,-0.017266478,0.22171362,-0.033668995,-0.050355908,-0.11955433,-0.20862341,-0.020522531,0.2083771,0.10372258,0.040149167,0.146479,0.058895096,0.0029374948,-0.07183802,-0.13767444,-0.3359646,-0.23268937,-0.003106523,-0.086348586,0.2415367,-0.15289453,0.07378542,0.06611652,0.12812807,0.02723962,0.022558907,-0.16351357,-0.042030636,-0.13540946,-0.1081797,0.04071677,-0.008472743,-0.0805448,-0.058086324,0.30891073,0.046442002,-0.2915359,-0.1698745,0.14493744,-0.049587317,0.071875475,-0.08490791,-0.08225933,0.043462195,-0.15281485,0.28853503
Division Fractions,-0.00015809922,-0.0848172,-0.17685217,0.1882219,0.08858359,0.06383044,-0.39391872,-0.20752715,0.07548695,0.07669864,0.037291437,-0.021314405,-0.08515577,0.28142735,-0.02578621,-0.1361286,-0.19649477,0.27707845,-0.02618449,0.20808542,-0.078677885,-0.026659753,0.10771165,0.07862909,-0.11163978,0.2671825,-0.14243078,0.17154819,-0.03484865,0.005092905,0.12426571,0.16736808,-0.14583117,-0.083060436,-0.028891677,0.20951672,0.0104501,-0.113538735,0.11939106,-0.071718305,-0.1075907,0.09892886,-0.20505878,0.002259722,-0.043939397,0.09672123,-0.04870338,-0.14491902,-0.118630834,0.13079934
Division Whole Numbers,0.21986255,0.2591795,0.037354477,-0.13011105,0.058862444,0.031776376,0.033878203,-0.19761032,0.041732047,0.06313354,0.030719053,-0.102788225,0.02919048,-0.12630235,-0.07036199,0.15425044,-0.10479976,-0.142692,0.27746913,0.06386424,-0.25404122,0.22040603,0.07040733,0.12318581,-0.19332984,-0.083319806,-0.09686683,-0.01234449,-0.12864737,0.08843582,-0.11906202,0.12053151,0.104040645,0.37840828,-0.08802588,0.13434471,-0.20369175,0.053366773,0.07929995,0.22647521,0.0109209195,0.06202432,-0.07074723,-0.15374473,0.14157538,0.10962184,-0.10266395,0.14657192,0.14714237,-0.07772573
Effect of Changing Dimensions of a Shape Prportionally,-0.05862934,-0.38440663,-0.11373326,-0.124687515,-0.0023569514,-0.040738083,0.0730661,0.10272748,-0.15766361,0.21575634,-0.07433495,0.05196968,-0.025907956,0.084898695,-0.10547127,-0.027278144,0.21933223,0.027677605,0.05401591,0.046868034,0.09802261,0.3247108,0.018883688,-0.1447234,0.042025767,0.045924366,-0.015634676,0.19248895,0.011049124,-0.053622395,-0.059121586,0.03664309,-0.21636494,0.10082283,-0.15900545,0.07469946,-0.03538506,0.19777761,0.18814145,-0.032804597,-0.03255402,-0.13986282,0.13737103,0.022786558,0.1526599,0.08778989,0.2164879,0.1241789,0.2592016,-0.3144073
Equation Solving More Than Two Steps,-0.10389502,0.05544714,0.04331387,0.29067093,-0.011307218,0.06993004,0.109162256,0.19783512,-0.18559416,0.2559417,-0.14486954,-0.1409431,0.16234821,0.17990397,-0.12413754,0.1958642,-0.073204204,0.068948366,0.010576787,0.10739672,0.056934573,-0.012664607,-0.13206379,0.042861663,0.3726074,0.05718256,0.13200708,-0.04026466,-0.05619865,0.05581909,0.25744376,-0.017430546,-0.11415171,-0.06331141,0.16120248,-0.022275161,-0.064917184,0.20199342,-0.1977737,0.09643513,0.16218337,-0.0013883407,-0.14039156,-0.10708987,-0.14393406,-0.10415,0.1499427,0.17669526,-0.17113264,0.05438373
Equation Solving Two or Fewer Steps,0.018272508,-0.20510392,0.103310205,0.024367176,-0.11357875,0.012547872,-0.088202946,-0.15968698,0.17703529,0.29420954,-0.12853612,0.04390555,0.06927508,-0.102630414,-0.16126816,0.034564693,0.09911472,-0.045223527,-0.09257513,-0.073290475,0.14330873,-0.24863185,-0.107289664,-0.0113547575,0.048693106,0.18075709,0.079174876,0.0228045,-0.024256129,0.034491204,0.11885027,-0.041921694,-0.042937644,-0.17275411,0.27175337,0.088661164,-0.2613922,0.37704173,-0.032394983,0.06597918,0.21944448,-0.1268775,-0.02862048,-0.23337452,-0.040819164,-0.02788954,0.015918441,-0.063293435,-0.29119387,0.038597066
Equivalent Fractions,-0.14043458,0.01138196,-0.15610299,-0.13569573,0.15289174,0.14722587,0.06269251,-0.0005893687,-0.15402326,0.03978184,0.32745343,-0.04823996,0.025329554,-0.012215852,0.1689151,-0.033594962,-0.16059576,-0.07768565,0.1232073,-0.07609186,-0.038191184,0.27946636,-0.14394243,0.41420057,0.08427687,0.23424411,-0.042722564,0.030118356,-0.059343617,-0.18903223,0.02134566,-0.10262444,0.22811303,-0.061727338,-0.021035222,0.18718646,-0.19831061,-0.030395225,-0.084447846,0.18924914,-0.11122245,-0.1437114,-0.083855644,0.06927035,0.197272,-0.083132185,-0.050817017,-0.063481,-0.064742304,0.08648975
Estimation,0.02315291,0.3933415,0.0805563,0.06690144,0.1281613,0.17008677,-0.06625445,-0.01009717,-0.016107073,0.0019001885,-0.10425017,0.002625864,0.14190534,-0.031217529,-0.22867614,0.0033920247,0.1352261,-0.23006186,-0.073683746,-0.029939987,-0.21147312,0.056260575,-0.11772736,0.22813195,0.072144136,0.0553136,-0.3198506,-0.09940888,0.010199541,0.08611558,-0.15667434,0.16775307,-0.0011763484,0.11195881,-0.0974943,0.07457425,-0.20656876,0.04327225,-0.035467137,0.082967125,-0.0382876,-0.06410226,0.15118259,-0.10379791,-0.077635765,0.18780817,-0.19345526,-0.15492974,0.23517375,-0.22330533
"Expanded, Standard and Word Notation",0.121459454,0.15671228,-0.08624395,0.17202687,0.29220527,-0.06646529,0.4146435,-0.04838794,-0.1465458,0.12824251,0.28581226,-0.034746937,0.17306568,-0.009529274,-0.1510359,0.17988384,-0.21660256,0.121098645,-0.067045495,-0.17192034,0.06346583,0.07133092,-0.004335655,0.06345883,-0.250321,0.0037316547,0.020793032,0.16281433,-0.06765292,-0.07062421,-0.11659158,0.14444199,-0.028324338,0.1425016,-0.09854665,0.12934329,-0.14119753,-0.07127189,0.054357417,-0.13181673,-0.1323563,0.20621756,-0.08837267,-0.08695318,-0.011027322,0.075723894,-0.15536433,-0.010069213,0.08230154,-0.077088885
Exponents,0.27882874,0.12640475,0.11561417,0.06301281,0.058308713,-0.062446672,0.06690916,-0.27813068,-0.15844172,0.14533482,0.12856545,0.075846024,0.34451717,0.037082795,-0.1924905,0.12710492,-0.15509228,-0.23902729,0.024436899,-0.0820896,-0.26039708,-0.04094161,0.0842587,0.10053204,-0.05748171,0.020468827,0.17734239,0.25375342,0.03457566,-0.13200177,0.023499584,0.036784366,-0.13377525,0.23105004,0.11417391,0.13451406,-0.19971599,0.003289984,-0.13851857,-0.15005435,-0.1281772,0.042226907,-0.023389103,0.11793486,-0.038337193,-0.094393045,-0.101619855,0.12419186,-0.08978172,0.043026634
Factoring Polynomials Standard,-0.090767466,-0.27065414,-0.014517246,-0.2553579,0.05886367,0.11146859,0.15917774,-0.057943713,0.017485376,0.033563014,-0.041074876,0.11270615,0.26948816,0.11369722,-0.27420136,-0.34694856,-0.1013259,0.02539316,-0.030640474,0.1385501,-0.21769632,0.16287002,0.09447085,-0.21663776,0.16799448,-0.1717375,0.09991864,-0.04063014,-0.17058091,0.07048005,-0.1803314,-0.086282745,-0.06168438,0.06584193,0.11252198,-0.13859123,0.14673646,0.04033388,-0.03135087,-0.083438136,0.17190833,-0.0026265902,-0.07862607,0.04294685,-0.19848129,-0.1396636,0.07769547,-0.16287145,-0.08470861,-0.005642409
Finding Percents,0.0942148,0.16493769,0.0150843235,0.12906587,-0.0208882,-0.038124386,0.1253724,-0.045849983,0.066811,0.0643519,0.041993808,-0.10216755,-0.19522133,0.2664663,0.031034278,-0.17609891,-0.011592043,-0.08118585,0.1849256,-0.090307795,0.03563579,0.24431805,-0.22522484,-0.11601509,0.087005414,0.01652739,-0.08340581,-0.20187552,0.10149922,0.06345907,0.11679584,0.23383258,0.10764198,-0.08776413,-0.084850185,0.015766494,0.13142988,-0.24417378,0.11174407,0.20937292,0.013893909,-0.13559264,0.2417639,0.28230807,0.08409375,0.20326164,0.023203084,0.030887589,-0.29258856,0.028823724
Finding Slope From Equation,-0.12791817,0.0068301945,0.101917855,0.14317875,-0.34945062,0.159363,0.07824886,0.058837894,-0.21272148,0.0906052,0.12444715,-0.10773848,-0.07327312,0.2015788,0.16514164,-0.011325238,0.1612603,0.20012142,-0.0601942,-0.20499574,0.026879888,-0.09106959,0.10467506,-0.013999741,-0.0815278,-0.24092846,-0.003349346,-0.15948252,-0.053957246,-0.027360464,0.34677187,-0.29492533,0.054579243,0.12116001,0.18752956,-0.12202711,0.1267996,0.012030151,-0.11976245,-0.052714426,0.081833296,0.08071027,0.08672608,-0.048096504,-0.02210319,0.1869073,0.05182517,0.10549881,-0.18230593,-0.04655535
Finding Slope From Situation,-0.06712855,0.027110996,0.11655393,0.22749716,-0.08647707,0.20092513,-0.19145831,0.035075966,-0.08394687,0.17824386,0.24223112,-0.109287806,0.065237775,0.1592184,0.25864586,-0.10354081,0.08256406,-0.05017729,-0.086798884,0.005323292,0.13163824,0.079579785,-0.040390767,-0.16863137,0.042553138,-0.18813355,0.17710117,-0.057286307,0.0015463391,0.12808935,0.19520079,-0.37520728,0.19769442,0.1519105,0.18453115,-0.18260057,0.08089262,-0.09798596,0.09709597,0.011640586,0.18154155,0.13556646,0.112748265,0.012295892,-0.09162051,0.14154807,0.14989324,0.10251592,0.08763599,-0.026459467
Finding Slope from Ordered Pairs,-0.14077143,0.07721084,-0.048771583,0.19687328,-0.16346517,0.3158667,-0.0837456,0.22540481,0.06340414,0.24103223,0.13703631,-0.13941833,0.11458377,0.24321827,0.22057141,0.08165128,0.029136354,-0.032728843,-0.16509487,-0.030964816,0.11406676,0.1134215,0.0672846,-0.14714636,0.08038078,-0.22249776,0.0042714356,-0.13493556,0.09270639,0.13000876,0.11136315,-0.34091145,0.2158891,0.10903109,0.1169273,-0.22729124,0.024582412,0.0033287315,0.010321486,-0.068674475,0.22468534,0.002106905,0.081326805,-0.085520186,0.02875518,-0.014284782,-0.0759861,0.09363937,-0.02496757,0.021300208
Finding y-intercept from Linear Equation,-0.2687622,-0.03899043,-0.022792581,0.024232144,-0.27947575,0.19514194,0.035061583,0.078162625,-0.22363053,0.19366749,0.07181801,0.010215695,-0.03181981,0.2110844,0.19574644,-0.00036765035,0.14364283,0.1260268,0.06733323,-0.1929865,0.025327593,-0.008250768,0.11352227,-0.17877422,0.0064016185,-0.11655298,0.026350707,-0.1773989,-0.04722199,0.022755213,0.25216228,-0.25437856,-0.11261165,0.2808051,0.20411287,-0.18520965,0.105279066,-0.0051961313,-0.009259254,-0.20853241,0.13638994,0.036418978,0.074656665,-0.15252851,0.029196665,0.112386495,0.08050912,0.13596791,-0.09187091,-0.08016245
Fraction Of,-0.049528815,0.01496215,0.040369913,-0.036320925,0.021675965,0.11550606,-0.20898154,0.09063691,-0.116853066,-0.027141482,0.0107735265,0.075385146,-0.16949652,-0.46499732,0.007006698,-0.01544436,-0.2530896,-0.07035905,0.2456769,0.07897299,-0.19390233,0.065120816,0.019529773,0.17794198,0.072151944,0.06596704,-0.29971248,0.051092513,0.024063902,0.09545935,0.09782297,0.07870004,0.11320357,-0.14200065,-0.16582488,0.20867382,-0.012173566,0.008052926,0.026271787,0.16278286,-0.20562902,0.11803808,-0.12577608,0.02238833,0.13662776,0.2352397,0.0357647,-0.1731626,0.06506128,-0.11335581
Graph Shape,0.19275536,-0.063159734,0.18550949,0.15205163,-0.010279062,-0.06658503,0.09930456,0.12403268,-0.18439828,0.18537895,0.033647753,-0.010962536,-0.052327864,0.08764748,-0.10840207,0.16468476,0.016172277,-0.15425137,-0.28406054,-0.031795397,-0.21173401,0.027155122,0.055654544,-0.078031324,0.09124053,-0.06672085,-0.030062648,-0.015882688,0.023308085,-0.0708408,0.2224621,0.025175935,0.26528105,0.016194146,-0.008553503,0.14065324,0.11654819,0.07578106,0.031315047,0.3061131,-0.06257236,0.00424412,-0.055213053,0.277776,0.32910445,0.1950775,-0.028921911,0.047212347,0.2726348,-0.10044923
Greatest Common Factor,0.1936062,0.08739021,0.15068322,-0.1733937,0.23054034,0.2869871,0.008797094,-0.0049506165,-0.18366833,-0.05195142,0.10217418,0.030151952,0.0012971143,-0.14899945,-0.03171242,-0.1544604,-0.06018169,0.08591936,0.14439633,-0.20083532,-0.33645463,0.32483935,0.007233156,-0.15425141,-0.089138635,-0.01907992,0.09514003,-0.009980055,-0.16361465,0.0024415327,-0.2191978,-0.018054068,0.11167987,-0.09813207,0.050744195,-0.28306043,0.13731703,-0.08346675,0.00801061,0.11542462,0.16838908,-0.0131411385,-0.10666034,-0.080573514,0.10012836,-0.000274042,0.17211007,-0.15962432,-0.027584277,-0.089365646
Histogram as Table or Graph,-0.25631508,0.15563013,0.14971635,0.10165054,0.036805313,0.00640989,0.0065556183,0.09303062,0.09592034,-0.2936689,-0.13873123,0.00031803484,-0.34593984,-0.05534183,-0.21476279,0.15819174,0.029020991,-0.15870197,-0.122558974,-0.100047745,0.03000697,0.04759579,0.33164722,0.03625869,0.13166884,0.14243302,0.07265353,0.087348886,-0.025943717,0.22472216,0.00060841895,-0.048146453,-0.06432102,-0.033442046,0.02287832,0.08412059,0.037464965,-0.15899783,0.041834656,-0.35503906,0.041648146,-0.18846121,0.06722152,0.008506001,0.22886501,-0.005299495,-0.060985565,0.016519614,0.1448729,-0.050413046
Interior Angles Figures with More than 3 Sides,-0.23751746,0.09146329,0.11813344,0.15145375,0.01754243,-0.2520521,0.062488798,0.19920082,-0.039322257,-0.081122495,0.10779098,0.03716522,0.267009,-0.23387669,-0.01980861,0.002997747,-0.07687283,0.055793706,0.27314606,0.21230151,-0.0117953895,-0.19909258,0.045650683,0.108683206,0.02691105,-0.11747326,0.1285777,-0.09952918,-0.2872907,-0.10765531,-0.11266861,-0.20945847,-0.06560016,-0.058597133,-0.18188494,0.14325805,0.3399514,0.1484453,-0.11414711,-0.11684744,-0.018226558,-0.08866467,0.16176735,0.06425705,-0.023586005,-0.025689716,-0.015403658,-0.041275788,0.015968684,0.04264988
Interior Angles Triangle,-0.3637532,0.017452246,0.18485168,0.16750936,-0.2808412,-0.16874468,-0.13889997,-0.13831687,0.074106,-0.3186734,0.09411105,0.19627039,0.15973182,-0.26453593,-0.053898025,0.035613496,-0.01682249,0.09019294,0.06619704,-0.045708984,-0.012510976,-0.13892339,0.0688948,-0.040735625,0.12588377,-0.060103644,-0.12660752,0.032315966,0.03017387,-0.1728937,-0.12627403,-0.079493694,-0.037763715,-0.0032096035,-0.16617088,0.07921284,0.215627,0.0738387,-0.049354967,0.034397256,0.07613894,0.19118662,-0.08440839,0.16696419,0.09923325,-0.0046464666,0.12245574,-0.21707615,0.17891736,0.051939107
Interpreting Coordinate Graphs ,0.21220817,-0.0062672403,-0.20343454,-0.20662788,-0.16350189,-0.23117094,-0.15259002,-0.21484071,0.02169482,-0.06742284,0.011199506,0.03855579,-0.15215059,0.02020088,-0.0022353623,-0.08928116,0.10556683,-0.014900141,0.1984815,0.008332742,-0.116011485,0.06690419,0.026604464,0.058573466,-0.2679578,-0.3766058,-0.20392163,0.08171453,-0.20625255,-0.08235277,-0.12353902,-0.05053814,0.108219974,-0.005896474,-0.26944858,-0.17686695,-0.044132315,-0.13833398,0.11452821,0.23998791,0.11989404,-0.082355864,-0.06102263,0.13464747,-0.037970055,0.07769765,-0.07937369,-0.08797368,-0.019327853,-0.09384567
Inverse Relations,0.18265077,-0.07616124,-0.26063767,-0.24417563,-0.31931144,-0.025615172,0.1549246,-0.022726955,0.14290106,0.10040846,0.04241993,-0.058728803,-0.06888412,0.20578599,-0.121195905,-0.019948466,0.12350997,0.16504145,0.034933172,0.19440444,0.10193646,0.112511784,0.022530762,0.008956378,-0.23054251,0.1478127,-0.11479667,0.21531038,0.03487777,0.022126777,-0.025178516,-0.031047001,-0.10086741,0.14628938,-0.08775661,0.17670152,0.14468037,0.1273581,0.003499327,-0.0360242,0.07290448,-0.28237632,-0.2299614,0.11064622,0.17660315,0.10699757,0.11186266,0.07248955,0.19286282,-0.09217806
Least Common Multiple,0.06624862,0.05204806,-0.09610673,-0.18591721,0.07511869,0.19727759,-0.12698409,-0.042513575,-0.13133012,-0.14971015,0.1213815,0.18900369,0.056894597,0.026936743,0.11932697,0.13161117,-0.097284704,0.046101093,-0.009212001,-0.31277624,-0.15042531,-0.018710647,0.016735097,0.22600473,-0.038858242,0.124472566,0.14343257,0.19397499,-0.069190644,0.18591778,-0.21876073,0.05385503,-0.05671168,-0.19060026,-0.18499093,-0.18028162,0.064329445,0.030766139,0.06660369,0.061951946,-0.024674948,-0.07069019,-0.025697047,-0.14010282,-0.11858731,0.008222961,-0.19244392,-0.098957814,-0.23935097,0.384769
Line Plot,0.058918014,0.091357745,0.07509892,0.21296005,0.07818349,-0.11586817,0.05266857,-0.14645377,0.044407587,-0.021440001,0.030167421,-0.31174353,-0.05169282,-0.23171489,-0.3532497,0.08981612,0.04444244,-0.026873855,0.09117408,0.0052234223,-0.053542696,0.25825647,0.095736615,0.14547043,0.025575064,0.12026832,-0.22516473,0.14846797,0.011919209,0.06605086,-0.074845165,-0.16713466,-0.06791219,0.061073083,0.018791195,0.06837848,-0.31915605,-0.027798237,-0.1545968,0.20896253,-0.25929847,0.00749506,-0.015722102,0.097522214,0.056684986,0.11229027,0.089646,0.18939929,0.14470555,-0.15990421
Making a Table from an Equation,0.09836462,0.047856625,-0.017912446,0.2641114,-0.11621008,0.03062564,-0.14379951,0.25010684,-0.15894954,0.07845658,0.037359957,-0.09155535,-0.34284163,-0.13960898,0.17859823,-0.066973805,-0.0027441615,0.10324699,0.23171592,-0.2195799,0.033477195,-0.056063037,0.008249167,0.037602637,0.016422452,0.117397934,0.06049443,0.048668295,0.23706244,0.06626454,0.14716578,-0.10275345,0.14418118,0.08940434,0.10989934,-0.3594512,0.07243896,0.16792056,-0.23309824,-0.15073787,0.14473535,-0.09703268,-0.100293465,0.060189933,0.055499412,-0.08376046,-0.14404617,-0.093370765,-0.019539379,-0.09954295
Mean,-0.10201788,0.030516531,-0.14834583,-0.011140658,0.09089833,-0.18484208,0.12807442,0.09725563,0.17065656,-0.23263946,-0.037070796,-0.17173602,0.11129003,0.021390956,0.15156563,0.4016971,0.17584492,-0.32114246,-0.045486875,-0.12703015,-0.21566647,-0.0027304445,-0.12509975,-0.016857894,0.063359,0.022765778,-0.08207726,-0.1276052,-0.119135834,-0.04453538,-0.022406068,0.2853081,-0.17833081,0.044750117,0.005999948,-0.026134452,-0.0072318725,-0.12779717,-0.13989797,-0.14801382,-0.18484664,0.010043743,-0.049214415,0.1407645,0.02892446,-0.05065268,0.14257082,-0.027537165,0.032471318,0.2686479
Median,-0.3503424,0.22325268,-0.08046832,0.12204915,0.024080303,-0.20146042,0.22062251,-0.06700361,0.26502198,-0.072708055,0.020796508,-0.020333676,0.11899707,-0.03395417,0.20514269,0.3621446,0.19231783,-0.27906856,-0.13849005,-0.06669438,-0.19025195,-0.086706236,-0.1761719,0.009312283,-0.04845417,0.18035436,0.025382224,-0.12514512,-0.07557802,0.054971915,-0.04405891,0.14883271,-0.06941379,0.04496494,-0.011514905,-0.12937589,-0.14567862,-0.015756717,-0.2177977,-0.072928965,-0.017270537,0.093303755,-0.013925245,0.0658967,0.06274163,0.06687172,0.08459173,0.04123569,0.037638474,0.13895418
Mode,0.05976293,0.1652335,0.016846675,0.055249877,0.18934171,0.22342286,0.006965338,0.021814778,0.048124608,-0.14751472,0.12871484,-0.13475789,-0.07290851,-0.0107881045,0.14503875,0.0151547445,0.26515475,-0.2469107,-0.048356153,0.18107931,-0.41164333,-0.15041082,-0.1130483,-0.0201382,-0.14875741,0.297233,0.042568333,0.033565097,0.047184538,0.17325962,0.075575545,0.011724065,-0.0070539843,-0.07470332,0.1762082,-0.21287501,-0.06275265,-0.08858209,-0.013522386,-0.21361504,-0.05003992,-0.06550652,-0.1493237,0.18607953,0.14630343,0.028901186,-0.020977575,0.11232129,0.12204267,-0.1316211
Multiplication Fractions,-0.047966473,-0.12842603,-0.19576144,0.12260421,-0.030526312,-0.06510473,-0.37515733,-0.043258842,-0.048946567,0.03435417,0.020821575,0.062839136,-0.06289138,0.21916734,0.0021456275,0.015719216,-0.2584586,0.10156219,-0.16323227,0.072693,0.017806366,0.11598505,0.08323099,0.11371277,-0.15355332,0.21306133,-0.14364658,0.102632254,0.055857655,0.15713343,0.11505577,0.10095727,-0.2268306,-0.21033458,-0.12456141,0.3415559,0.038938764,-0.1963919,-0.09862853,-0.07536548,-0.059110373,0.2062705,-0.23111089,-0.10446744,-0.08579856,0.01945618,-0.117685206,-0.084146276,0.05337539,0.023734981
Multiplication Whole Numbers,-0.13382375,0.31941116,0.08797211,-0.10989199,-0.15115212,-0.0010409305,-0.08271402,0.13627146,0.044687733,0.01933112,-0.010616236,-0.15084697,-0.1587117,-0.07437592,-0.10229944,0.1752145,-0.21617344,-0.07135344,-0.1774095,-0.16336519,-0.037678227,0.07958736,0.15303436,0.08602829,0.04640382,-0.15194789,-0.25954148,0.21219103,-0.16426958,0.1813478,0.13331729,0.122609444,-0.0047351737,-0.005528068,-0.023121135,-0.027195089,-0.11778482,-0.21152239,0.2865471,0.097526655,-0.09167231,-0.059430618,0.35601255,-0.07596375,-0.012893475,0.007754889,-0.105642825,-0.02686415,0.15170728,0.06975256
Multiplication and Division Integers,-0.071699925,-0.07681093,0.019394105,-0.2879735,-0.23502392,-0.1445181,-0.0797473,-0.080200434,0.0405773,0.034568593,-0.30221766,0.3139003,-0.022021685,-0.0713235,0.18598768,-0.1549861,0.029597927,-0.15931389,-0.26942974,0.019798966,-0.041804813,0.10099663,-0.099251516,0.11705303,-0.058373693,0.066953495,-0.09385122,0.15489015,-0.005110258,-0.08403907,0.2833586,0.12937196,-0.16390426,0.049577013,0.14244975,0.03734419,0.14624076,0.14888614,0.029766183,-0.08677157,-0.122469455,0.17736472,-0.07417142,0.016895683,-0.286286,-0.065650456,-0.13461031,-0.0133489,-0.1397284,-0.031373512
Multiplication and Division Positive Decimals,0.13875994,0.13827491,-0.06272083,-0.04598723,0.11135333,0.018981496,-0.07393299,0.07533062,0.21316104,-0.23046151,-0.17150082,-0.038250007,-0.1106411,0.27505717,0.035590626,0.088566065,-0.2474515,0.032092102,-0.08742981,-0.10989006,-0.1847387,0.1003382,-0.2001999,0.25607854,0.010468228,-0.02285945,-0.24423374,0.21886733,0.099439085,-0.06372314,-0.12384909,0.06325265,-0.10945646,0.023814127,0.116801165,0.25639626,-0.14558946,0.046207324,0.12105297,0.052762885,0.047095068,0.18429144,0.08309163,-0.13165604,-0.22145511,0.14012401,-0.14088996,0.042866144,0.004495108,0.22007312
Multiplying non Monomial Polynomials,-0.20681112,-0.12233618,-0.04025999,0.16226311,-0.007197464,0.18372938,-0.011115909,-0.061814714,0.091798306,-0.16173653,-0.3120004,-0.07793499,0.19846824,0.25185663,-0.14771439,-0.11996738,-0.10896317,0.049203634,-0.08987032,-0.18170077,-0.21753278,0.015266175,-0.036768373,-0.15218431,-0.2779469,-0.02301585,0.10818478,-0.10878971,0.12676254,-0.06647247,-0.12564154,-0.007299748,0.21262762,0.14500797,0.109566234,-0.21075799,0.16249466,0.013758676,-0.16234405,-0.09729085,0.064516865,0.00012527572,-0.029449217,0.0053535844,-0.057108324,-0.16279382,-0.04796313,-0.0013901728,-0.028889379,-0.33374694
Nets of 3D Figures,0.031096285,-0.20510605,0.018537166,-0.17882165,0.08730338,0.074765615,0.10700676,-0.022888776,0.0039735623,-0.045113206,0.007165517,-0.21024139,-0.15836379,0.012344522,-0.2186964,0.0025252264,-0.12237729,0.118283026,0.0213454,-0.0067263176,0.2696014,0.05166884,0.023019077,-0.18828325,0.15648885,0.040384494,0.16501889,-0.037238322,0.07043997,0.19072632,-0.24190848,-0.12405857,-0.10370695,-0.059856396,-0.007811098,-0.09913162,-0.46712285,0.15626277,-0.16549972,-0.13375504,-0.16273925,-0.050550748,0.07776703,0.05791652,0.09278401,0.18707234,0.18158576,0.03857121,0.17610584,-0.09823231
Number Line,0.21974099,-0.006010237,-0.05479927,-0.23108804,0.11387913,0.038374033,0.14400731,0.06081902,0.074436545,-0.090963066,-0.06020724,-0.013113987,0.052369017,-0.09937926,-0.14772259,-0.030184086,0.24089664,-0.02485123,0.049737267,-0.03663133,-0.091014475,0.30025998,-0.25360283,-0.2258508,-0.0989379,0.21446581,-0.20689233,0.120845124,0.052841768,0.106310844,-0.110954285,-0.11729627,-0.27561834,0.15375537,0.0047441954,0.109405056,-0.17225547,-0.051383797,-0.029474733,0.25878704,-0.029421914,-0.22119316,0.03516645,-0.10268873,0.0636126,0.19996355,0.017746633,0.07797059,0.21987261,-0.041888017
"Order of Operations +,-,/,* () positive reals",0.2371855,0.1745571,0.015314461,-0.13065271,0.040021766,0.12679566,-0.22289538,-0.107594974,0.084736064,0.022501998,-0.29291356,0.17415078,0.18708423,0.004719437,0.13762376,0.0552526,0.111884,-0.06813729,-0.089843735,-0.028663302,-0.05991433,0.15486874,0.1645403,0.3254786,0.008666511,-0.04839752,0.036407735,0.10904828,0.06715668,0.012121517,-0.04304521,0.032593783,-0.05671844,0.16840677,0.068983346,0.12495115,-0.20615652,-0.052016802,-0.104107566,-0.029377092,-0.17317997,0.2648009,-0.031993907,0.15912353,0.0072130915,-0.006348845,-0.12689781,0.077429496,-0.41018814,0.024486532
Order of Operations All,0.2580545,0.102210715,-0.035595696,0.013191976,0.07594152,0.0032520276,-0.16926618,0.0743634,0.100340575,0.12122149,-0.18791486,0.2945377,0.11469699,0.10963355,0.047784295,-0.026283257,0.08736742,0.059509926,-0.016833825,0.15226795,0.08332055,-0.15013221,0.05584035,0.11636984,-0.018232847,-0.035925437,0.23322915,0.00726575,0.094116084,-0.035707768,0.17445649,0.05482461,-0.011605018,0.007496182,0.2038664,0.021157596,-0.23765966,0.010043244,-0.03793052,0.008732996,-0.12000578,0.22766075,-0.03547709,0.36585554,-0.20489028,0.048721712,-0.08457193,0.18531917,-0.34643948,0.13655141
Ordering Fractions,0.12594953,-0.16180594,0.061450385,-0.107596785,0.1339148,0.15560535,0.088653326,0.28730738,-0.18332542,-0.024094777,0.17427392,0.29745647,0.10980135,-0.045050766,0.07122827,-0.25627127,-0.10337916,-0.023303332,0.036972955,-0.14829686,-0.20633008,-0.040779825,0.054543387,0.1265278,-0.03550659,-0.030014414,-0.24716942,-0.09621799,0.02620919,0.11123728,-0.06310412,-0.08118307,-0.014172124,-0.044780493,-0.2628288,0.27673805,-0.25608647,-0.09112,0.042738102,0.045062046,0.038944796,0.10241907,-0.08340272,-0.13159198,-0.020687122,-0.09103977,-0.17752194,-0.27419743,-0.02440598,0.017991427
Ordering Integers,-0.080441564,-0.13661131,0.068934545,-0.22148496,0.12060108,-0.13363813,0.025234355,0.028629392,-0.013922387,-0.097732216,-0.05817548,-0.092166655,-0.04010407,-0.1756477,0.25319296,-0.15557429,-0.018599836,-0.18909885,-0.23067467,0.17502181,-0.14450352,0.21457219,-0.007850693,0.19869803,0.09596279,0.10248956,-0.12399223,0.124683574,0.019627847,0.08411432,-0.023312889,-0.073209345,-0.27427682,0.2741997,-0.052288532,0.08457084,-0.10166206,-0.015466268,0.1929689,-0.0019612345,-0.13210222,0.12800461,-0.29944855,0.07384212,0.019564189,-0.031330574,-0.22113636,0.25746813,-0.021037558,0.017981224
Ordering Positive Decimals,0.10216843,0.17177483,0.08158646,-0.04461016,0.012962508,0.029192565,0.030096095,0.22488233,-0.1536148,-0.17702313,0.0155121805,-0.0022784711,0.06599576,0.11445201,-0.034985702,0.039684027,-0.20410283,-0.042809486,-0.21894552,0.037397083,-0.12539543,0.0061117504,0.082758114,0.2739732,-0.20891309,-0.03923942,-0.027441896,-0.13744655,0.19511561,-0.024971822,-0.2089966,0.23371929,-0.24305388,0.20032807,-0.012612321,0.13635553,-0.28991193,-0.09396952,0.079517625,0.02999964,0.048480637,0.0018677238,0.11082218,-0.24724501,-0.03874245,-0.04449317,-0.3555169,-0.027685212,-0.079430744,0.019414362
Ordering Real Numbers,-0.040332865,0.16764557,-0.052644085,0.023681805,0.15029424,-0.0046383226,0.15241557,0.10209629,0.025375007,-0.06254,0.00033440057,0.03374472,0.15420283,-0.15127379,0.031129483,0.114357576,-0.031727288,0.10599535,-0.12445547,0.1226268,0.0018538899,0.22010252,-0.1736525,0.11569145,-0.06998199,0.27090752,0.12899147,0.180044,0.015016867,-0.011101251,0.003191636,-0.03025513,0.12481936,0.012781901,0.056059767,0.1412609,0.023694431,-0.0545371,0.4383922,0.036438826,0.26032794,0.22076046,-0.3269784,-0.1460244,0.116661005,0.04497828,0.05361248,-0.07440431,-0.13098475,0.24302192
Parallel and Perpendicular Lines,0.03542453,0.11340265,-0.19513741,-0.13530178,-0.2011797,-0.16910383,0.15233144,-0.012324476,0.053910214,0.12047367,-0.069307685,-0.09658146,0.1346568,-0.13193974,-0.116305426,-0.21153045,-0.112783544,-0.010080697,0.15448748,0.07938894,-0.07803078,0.04796619,0.08143724,-0.04378685,0.07556759,-0.21359503,-0.07955028,-0.16900526,-0.2047398,0.13910612,0.02742006,-0.2809727,0.0074198083,0.073050104,-0.044457126,-0.050560605,0.2108471,-0.16020791,-0.014282234,-0.02471536,-0.10241805,-0.012435568,0.34198695,-0.11153816,0.20800884,0.10809589,0.16781072,0.14996332,0.30690885,0.06238619
"Parts of a Polyomial, Terms, Coefficient, Monomial, Exponent, Variable",0.0044376114,-0.16677158,0.10788864,0.18504862,0.006536656,0.15100673,0.12786095,0.19832318,0.22155689,-0.11573041,-0.29441667,0.04765867,0.031877417,-0.19794603,0.0077683944,-0.027156726,-0.25019002,0.02922902,-0.21058506,-0.15776387,-0.049163356,0.1207125,-0.20398447,-0.118701495,-0.15470389,-0.10339413,-0.0445548,-0.21908005,0.049800556,-0.28379488,-0.10408599,-0.12847452,0.08073605,0.12651812,0.098734066,-0.2506911,0.17469631,0.00927114,-0.033634417,-0.07384965,0.18257184,-0.08399607,0.10340796,-0.028387532,-0.06758715,0.090485625,0.11365787,-0.07671263,-0.07418151,-0.1836663
Pattern Finding ,-0.02998901,0.14017558,-0.07007343,0.022949869,-0.1795765,-0.04597299,-0.0066264286,0.15763593,-0.029906109,0.1108101,-0.19462386,0.0548893,-0.20288901,-0.112305865,-0.041352436,0.14917535,0.1912327,-0.09067681,-0.032154568,-0.103375115,0.18288907,-0.19193582,-0.12904301,-0.04220563,0.07104919,-0.0024056453,0.111607075,-0.23867948,0.042808544,0.11886473,-0.09376447,0.10458261,0.30466795,0.33173892,-0.09587695,0.22173285,0.017686414,0.03718211,0.07486925,0.10569803,-0.0018607714,-0.023518633,-0.19574194,-0.008468718,0.02970473,0.13731864,0.04804929,0.35942912,0.23705587,-0.03839602
Percent Discount,0.23160185,-0.11151348,-0.155998,0.12189935,-0.07256001,0.097605556,0.12816659,0.15666795,0.18689103,-0.2266708,-0.24363461,-0.12595062,0.18233538,0.22431065,0.08439042,-0.2053131,0.08673021,-0.07655435,0.21327065,0.031919573,0.023189045,0.19871686,0.15509543,0.029878154,-0.03281256,0.13675603,0.23882872,0.03770993,-0.07879991,0.0063660196,0.061739083,-0.19394524,0.05385098,-0.11802417,-0.017277576,0.1688159,0.066275075,-0.14936002,0.06987665,-0.358252,-0.083043985,0.15697598,-0.10661873,0.078238316,0.016891161,0.05801175,0.05423665,-0.14231215,0.102683246,0.043069173
Percent Increase or Decrease,0.2621676,-0.07698551,-0.11085282,0.09236998,0.10760277,-0.4002218,0.13492084,0.062128372,-0.032006893,0.009666214,0.12991032,-0.026083121,-0.16989942,0.19057848,-0.13595156,-0.044489678,-0.07872852,0.086537056,-0.044283263,-0.1837304,-0.010741272,0.26830333,-0.04873129,0.07129706,0.08435404,0.007212068,0.12249676,-0.05781775,-0.13324597,0.124336496,0.19338658,0.12648427,0.057496674,-0.057120953,0.08654679,-0.053886235,0.036225013,0.082163684,0.07868179,-0.059858568,0.17219087,-0.25129682,0.09871787,0.3289654,0.13288106,0.018704705,0.30990103,-0.04282545,-0.052962556,-0.032236047
Percent Of,-0.10550369,-0.09443705,-0.022890462,0.070676476,-0.014676771,-0.0912082,0.018006893,-0.19928975,-0.06679032,0.03325298,0.13564031,0.061024226,-0.15169524,-0.022679195,-0.084431976,0.08293883,-0.24010676,-0.03355474,0.14497113,0.08068025,-0.09875103,0.06002102,-0.12414962,-0.052406818,0.09339973,0.023756953,0.08173507,-0.23921435,0.10101929,0.10097608,0.20903398,0.38746005,0.082532525,0.16025221,-0.07306351,0.0077389427,-0.017376967,-0.10819816,0.02758337,0.123840764,0.07708455,-0.16909702,0.17873527,0.34514135,-0.010193608,0.3338445,0.09846595,-0.013125103,-0.27293468,-0.08879687
Perimeter of a Polygon,-0.025076274,-0.2174368,0.2240316,-0.1298081,0.10080429,-0.1293497,-0.16851425,0.038756777,0.049936984,0.06859464,0.0810781,-0.06594639,0.027875016,-0.28764725,-0.106530674,-0.03258675,0.067362644,-0.20155354,0.025833793,0.0024575377,0.1255986,-0.2718519,-0.059560947,0.027738383,-0.013980996,-0.27478492,-0.105170764,-0.32536402,0.072242066,0.26487225,-0.27774653,0.16909331,-0.023503482,-0.085490264,-0.18232274,-0.0045749014,0.1216801,0.17201518,0.06214829,-0.02697635,-0.1357596,0.0538361,0.18804535,0.11235403,-0.04829599,-0.1761036,-0.008264062,-0.006896432,-0.039684203,-0.078643076
Picking Equation and Inequality from Choices,0.20789512,-0.10352824,-0.018781906,-0.038725566,0.009804094,-0.069987155,-0.22221126,-0.07391949,-0.02955655,-0.15678239,-0.24182527,0.03430112,0.08781795,-0.06862362,-0.2245418,0.14314966,0.21127,-0.16219231,0.08403144,0.05779179,-0.19986361,0.11707139,-0.08116389,-0.075945914,0.005961656,0.15024325,-0.053059597,0.052820943,-0.24669856,0.06507628,0.10197588,-0.16902347,-0.307009,-0.028940294,0.1665731,-0.047191795,0.16019991,-0.15571186,0.17336085,0.10774285,-0.012877025,-0.113493115,-0.032900058,0.00792783,0.22895925,0.2859736,0.028313357,0.13067769,0.21325055,-0.08897602
Picking Expressions From Choices,0.123793505,-0.25005558,-0.021083068,-0.09346096,-0.011390854,-0.124030836,-0.0997762,0.038139954,-0.006780516,-0.1477944,0.058127526,-0.22058052,-0.11625562,-0.109106995,-0.3702897,0.012119593,0.17458941,0.03195515,0.2718078,0.08892475,-0.1027283,-0.046145413,0.048912086,0.17877144,-0.008859692,0.14500386,-0.13842142,0.10009903,0.29615304,-0.112733416,-0.11168035,-0.25423324,0.106817394,0.023826767,0.08817889,-0.033960454,-0.25135386,0.032663897,0.04543278,0.12689322,-0.04838023,0.016189208,0.11043054,0.20857994,0.04125867,-0.0419798,0.09749758,0.2625524,-0.100265704,-0.087919235
Point Plotting,-0.12646985,0.010309811,-0.046272844,-0.036280256,-0.010086026,-0.11410203,0.069664426,0.09720055,0.10229702,0.098118916,-0.0751418,-0.38673738,0.014351797,-0.07730592,0.003140493,-0.035241496,-0.13825943,0.22313394,0.007807212,0.0051746583,-0.12085541,-0.016612614,-0.13413517,-0.14053614,-0.03208441,-0.10848667,-0.06955255,0.08155718,0.07182061,-0.0073938817,-0.09880955,-0.37351394,0.10713288,0.21721129,-0.1616897,0.049693096,-0.02450541,-0.059609134,-0.20540293,-0.023936953,-0.08874093,-0.32981277,0.1738599,0.10587137,0.20005096,0.085486494,-0.3230248,0.10733413,-0.11983982,0.007519901
Polynomial Factors,-0.013500382,-0.046517685,-0.015622227,0.0070210937,0.05249917,0.12079889,0.07414157,0.07222524,0.071339644,-0.063877076,-0.118700966,-0.061728712,0.20708679,-0.015360462,-0.057024002,-0.06404835,-0.15865575,0.06996174,0.0110917045,-0.31002837,-0.1554972,0.21701051,0.087311015,-0.11084892,0.01620375,0.068800814,0.3135363,-0.15304899,-0.18126178,0.017329324,0.08784878,0.02207356,0.13048375,-0.1318044,0.20842697,-0.11864676,0.20158589,-0.26214063,-0.06799853,-0.10079722,0.06338809,0.10439293,0.085136846,0.086792,-0.04365967,-0.161247,0.044310655,0.1437288,0.21497294,-0.4045774
Prime Factor,0.3395492,0.29819432,-0.07844069,-0.1260066,0.09690835,0.21105234,0.16027337,-0.1652102,-0.20819455,0.041699786,0.12387589,0.029984027,-0.05099987,-0.11296415,0.13675177,0.06854326,-0.20260207,0.007259773,-0.15969115,-0.121831425,-0.12756573,0.19712101,0.08423639,0.075642966,0.09941812,0.18447165,0.045603603,0.10621073,-0.029758334,-0.015577496,-0.28491145,-0.17551346,-0.09655689,-0.23451376,0.2326179,-0.0006842418,0.075920545,-0.008153366,0.00997105,0.11062411,-0.07503144,0.0670579,-0.06855387,-0.09686051,0.023603136,0.07312211,-0.1329184,-0.24301702,0.005464835,-0.059255175
Prime Number,0.16401191,-0.047544036,0.15496616,-0.017907629,0.040348463,0.109571725,-0.17937288,-0.12884262,-0.30312714,-0.15686257,0.27787647,0.22162431,-0.035859693,0.08156928,0.06799813,-0.032033008,0.0664841,-0.030999893,-0.2020605,-0.15715031,-0.124384835,-0.014269403,-0.033523135,0.07804169,0.0054254388,0.10722642,0.047198787,0.11567855,-0.08319968,-0.07143758,-0.33224252,0.057285324,-0.27007437,0.15624587,0.00824551,0.10825067,0.009098122,-0.037976794,0.14696777,0.16068034,-0.015409574,-0.25766668,-0.042207234,-0.07437641,0.07625475,-0.055214558,0.01912211,-0.04472487,-0.25854746,0.2663772
Probability of Two Distinct Events,-0.048614003,0.08978775,0.00076692464,0.10814902,-0.17111038,0.10525576,0.20668633,-0.07599508,0.0725807,-0.032554764,-0.1320841,0.09767962,-0.17902832,-0.082758,0.086075045,0.17219839,-0.1806954,0.060484026,-0.19920695,0.20695676,-0.08800384,-0.08681731,-0.095345385,-0.19933228,0.02616526,-0.054642536,0.22241797,-0.30800325,0.017704891,0.03675279,-0.22794922,-0.2063669,0.15799837,-0.1466798,-0.044116996,0.14857042,-0.03921688,-0.07745624,0.004012574,-0.20371589,-0.0115715815,0.077553354,-0.15464395,0.11320444,0.32406133,-0.016512541,0.24659988,0.0765248,0.12281833,-0.055954125
Probability of a Single Event,0.0410228,0.14143834,-0.051941473,0.14517987,-0.052224606,-0.09631756,-0.00026053816,-0.023323953,0.110679865,-0.22604117,-0.21225116,-0.08638231,-0.1301803,-0.27341646,-0.09301813,-0.1712979,-0.09983587,-0.15638562,-0.07974148,0.1420692,-0.093466654,-0.123753764,0.025398092,-0.28820607,-0.027976828,-0.1843142,-0.015029323,0.013501161,0.1498596,0.032746073,0.08773102,0.14923812,0.121875174,-0.04519411,-0.082589805,0.08544274,0.0735671,-0.024208168,-0.18897878,0.03949328,0.051138245,-0.094461255,-0.17195487,0.23938097,0.31836444,0.030696673,0.2924745,-0.04889656,0.0706159,0.26670444
Properties and Classification Circle,0.08456305,-0.19004661,0.23124613,-0.47798288,0.21230745,0.08555252,0.057098903,-0.09502232,0.19257881,-0.043800637,0.27112103,0.08833687,-0.14344543,-0.19079456,-0.06903332,0.12922788,-0.053837854,0.12997338,-0.020068547,-0.004299666,0.00438623,-0.06052825,0.02504877,-0.09214853,0.13924783,-0.12401554,-0.06750494,0.101576924,-0.011499655,0.069217585,-0.065797955,-0.058003496,0.1240614,0.003917743,-0.12029365,0.15088245,-0.00595556,0.11958547,-0.09076366,-0.17559153,0.15409009,0.14375547,0.08966248,0.21029714,0.113988236,-0.21759437,-0.2140362,-0.02266064,0.048813872,0.065563776
Properties and Classification Polygons with 5 or more sides,-0.10253904,0.086344704,-0.16628085,0.083864436,-0.11342635,-0.12454141,-0.026400043,0.16945992,-0.020291837,-0.34359983,0.13958392,0.019712888,0.058552038,-0.08136229,0.119175136,0.028097304,0.07025609,0.20176698,0.08821148,0.091224365,-0.023957836,-0.17571853,-0.1407098,-0.018405508,0.38272062,-0.37104043,0.0068575745,-0.12061127,0.045273922,-0.062441695,-0.20663793,0.06777937,0.024690883,-0.108713225,0.088537484,0.05303536,0.07624908,-0.20457731,-0.21182224,0.05958559,0.0018129555,0.09257012,0.008695595,-0.0054913457,0.23386249,0.15644921,-0.12236947,-0.13694955,0.015052169,-0.14101598
Properties and Classification Prism,-0.21102004,-0.2133915,0.105690785,-0.0697539,-0.029623436,-0.005430327,-0.06328049,0.0943874,0.007153287,0.06083675,0.40972084,-0.1474251,-0.13577448,-0.15103085,0.03081413,-0.27757832,0.046217386,0.030197827,0.037607584,0.10335968,-0.085543126,-0.24269821,-0.07414416,-0.02108423,-0.1846487,-0.0068487767,-0.05091323,0.074208096,0.14043573,-0.1367866,-0.373448,0.20543268,0.0371558,-0.12035804,0.036202297,-0.04364681,-0.12342607,0.050963804,0.1226329,0.026310554,0.12095946,0.057581086,0.24096696,-0.03919069,0.14062566,-0.13122442,-0.0526395,0.061087564,-0.09447405,-0.18765137
Properties and Classification Quadrilaterals,-0.05503343,-0.0014868329,-0.01563403,0.049725085,-0.08931276,-0.116663195,-0.022070913,-0.018590847,0.15702508,-0.25517383,0.07101943,-0.19678971,0.2056526,-0.23664694,0.029120859,-0.085296586,0.056472126,0.17655781,0.014084225,-0.017705292,0.03681787,0.017179871,-0.057305586,0.010729171,0.3128733,-0.32294613,-0.18057491,-0.029184371,-0.022945268,-0.102091,0.012517687,0.087607644,-0.024686692,-0.065870546,-0.1653327,-0.07257171,-0.08852567,-0.18903783,-0.0047139423,-0.13126224,-0.25814822,0.10187256,-0.08973203,-0.19817589,0.27866513,0.31230834,-0.0018085476,-0.017016837,-0.05266437,-0.19118328
Properties and Classification Rectangular Prisms,0.08190676,0.0044161975,-0.09545445,-0.053806722,-0.250844,0.06874022,-0.12464292,0.08198728,-0.23103674,-0.35187373,0.17878844,0.15844117,0.13616556,-0.07228222,0.032482844,0.011734878,-0.18928066,-0.020393271,-0.036770612,-0.030613082,0.08800718,-0.054678623,0.058527023,-0.15607297,0.21563636,-0.16390175,0.01581496,-0.18351626,-0.0041086483,-0.09790201,-0.06001442,-0.009696264,-0.02446245,-0.1556162,-0.116850145,-0.16053298,-0.031440634,-0.0452145,-0.19553572,-0.090076596,-0.3151786,-0.06894796,-0.15168142,-0.1420418,0.12680413,0.06846161,0.25638524,-0.017301572,0.060834657,-0.2882777
Properties and Classification Triangles,0.16901225,0.11160365,-0.17211738,0.08920742,-0.23042074,-0.13092452,0.06496445,0.10508318,0.11890823,0.15982914,-0.03668319,-0.08063755,0.35435146,-0.18889761,-0.15432803,-0.09769999,-0.032203756,0.21494173,0.21549115,0.06129049,0.023241404,-0.15279926,-0.1361645,-0.10419254,0.14835651,0.1259431,-0.09523529,0.2223559,0.09763246,-0.16310291,-0.16289389,0.06343308,-0.07225045,0.06783437,-0.06623985,0.031013416,0.13703865,-0.12462512,0.09625459,-0.05060179,-0.21670668,0.089423016,0.05119061,-0.08878004,0.07378055,0.18774362,-0.186236,-0.09797231,0.26093063,0.01180985
Proportion,-0.22375914,0.04657645,-0.14926736,0.047203805,-0.068140194,0.021344358,0.14410968,-0.13809338,0.26367554,0.1023176,-0.060321864,-0.025905943,-0.1793255,0.11106655,0.23954818,0.25598994,-0.10086681,-0.14632727,0.24883966,-0.026345268,0.16907167,0.0823392,-0.074926734,-0.010616797,0.31109804,0.032608297,0.0880863,0.08840107,-0.056077447,-0.02458427,0.028086443,0.10807934,0.15394045,0.014615734,-0.021622235,0.11046221,-0.05870022,-0.054492295,0.21716776,0.19921261,0.17432822,-0.26442105,-0.07331869,0.039286695,0.021443471,0.010969099,-0.02512544,-0.20387703,-0.28286046,-0.042623382
Pythagorean Theorem,-0.27463356,0.14802676,0.049486417,-0.0048298156,0.16268376,-0.13010179,-0.102950424,0.20687771,-0.22307123,-0.021353656,-0.050834093,-0.1437531,0.18979886,0.035922624,0.045712043,0.06552597,0.036948893,0.2575009,-0.02307888,0.05363162,0.16214924,-0.16873387,-0.07981289,-0.15238288,-0.045615435,-0.2133545,0.35400084,-0.06151816,0.02751698,-0.28469768,0.1098089,-0.11065044,0.024147565,-0.09017257,-0.053768117,-0.08383752,0.10184246,0.10962512,0.13618457,0.041212384,0.09279776,-0.24934472,-0.036425617,0.12071076,-0.08414736,0.14793286,0.0061359867,-0.12994571,0.17765695,-0.15030019
Quadratic Formula to Solve Quadratic Equation,-0.06433956,-0.14848198,-0.20663838,0.26902357,0.16223092,0.026634838,0.19733663,-0.18495661,0.10607788,-0.11972604,0.03850108,-0.046461783,-0.037551746,-0.06582077,0.056457724,-0.2567408,0.04973019,0.09724668,-0.06347983,-0.051748767,-0.07800941,0.05788165,-0.08442951,-0.16561629,0.24218857,0.06267854,0.266383,-0.09530702,-0.15372442,-0.07184514,-0.09390676,0.009104464,0.20592538,0.041695118,-0.06958819,-0.07140055,0.2742291,-0.15771863,-0.20965287,-0.23194192,-0.13502468,-0.14283076,-0.14528346,0.009512545,-0.25659147,-0.11380914,0.06866485,0.05421449,-0.082827196,-0.080542825
Range,-0.20837556,0.16006647,-0.05293271,0.045669578,0.00017664397,-0.079129376,0.13281727,-0.08243319,0.12813337,0.056345288,0.049611785,-0.20111746,-0.015824605,-0.06871074,0.28178728,0.3517495,0.08204178,-0.3485978,-0.12929122,0.049623903,-0.28632736,-0.069376424,-0.1612665,0.09033064,-0.08029422,0.24767566,0.021432934,-0.18433365,-0.09918401,0.066614896,-0.09824059,0.18464787,0.02036736,0.011451015,-0.07204656,-0.17551738,-0.23870584,0.055928476,-0.20411065,-0.15115646,-0.104223244,0.07536037,-0.06398078,-0.008662591,0.038329616,-0.00694948,0.07196256,-0.034215458,0.07444443,0.029071283
Rate,0.22647491,-0.031374943,-0.037191827,-0.03219994,-0.12957196,0.0053678188,0.29817367,0.15267164,-0.069466345,-0.14640835,-0.04330118,-0.25600702,0.19166937,0.058913633,0.13586834,-0.033067282,-0.009838769,-0.14795126,0.10858207,0.10419717,-0.055425595,0.0256525,0.21518964,0.0032137479,-0.06409747,0.22348954,0.20796238,-0.023605712,0.16905603,0.035374045,-0.050591454,-0.27132452,0.13027208,0.027759682,0.053225186,0.14551353,0.1157334,0.09746017,0.0016391643,-0.018751126,-0.18499151,0.07225916,-0.09800561,0.098823234,-0.059106905,0.20581226,-0.05776692,-0.27861384,-0.032030087,-0.3356082
Recognize Linear Pattern,-0.10394656,0.10754582,-0.33102596,-0.10736054,-0.022168268,0.022447387,-0.113751985,0.008182865,-0.17726958,0.350198,-0.0047282185,-0.1679647,-0.10435995,0.2096262,-0.09538481,0.045520026,0.13656893,-0.058466766,-0.050424308,0.0004366158,0.13174036,0.08143613,0.10891828,-0.077793576,0.024401264,-0.19489528,-0.1220482,-0.24328469,-0.13243023,-0.007883858,-0.113655135,-0.18842974,0.14809448,0.13728149,0.07635734,0.17246392,0.10108399,0.37724265,-0.08402896,-0.121628895,-0.030155929,-0.1598879,-0.13109209,0.030559342,-0.080722034,-0.07117688,-0.034909353,0.15074544,0.080305815,0.10824326
Reflection,0.010570558,-0.044668745,-0.07280809,-0.15267955,-0.37261018,-0.18689637,0.15472941,0.19585146,0.19221026,-0.16045481,0.023891242,-0.14857963,0.10856509,-0.02278388,-0.028638843,-0.006947255,0.043233976,0.04078851,0.16436641,0.20296404,0.06293178,-0.0049868636,0.046416234,-0.08077362,-0.22998326,0.057161827,0.031301964,0.00043655178,-0.15147017,-0.20075658,-0.041966006,-0.16495335,0.13505779,-0.09604354,-0.07527068,0.0077749863,0.10111809,0.0628063,0.3371624,-0.16461298,0.22843997,0.016481273,-0.30587354,-0.1654978,0.012776915,-0.04009681,-0.1415842,-0.0032915345,-0.09953351,0.08752957
Rounding,0.046844997,-0.10690368,0.31990424,-0.10024765,0.15844306,0.09879866,0.1390652,-0.004516904,-0.059945613,0.013810863,-0.008723841,0.10719124,-0.12586051,0.106257096,0.0029162422,-0.00023513367,-0.13059999,-0.06862839,0.2061536,-0.03361514,0.026980901,0.030862257,-0.105059795,0.39591163,-0.0802054,-0.13034941,-0.003883342,-0.22664276,-0.2533706,-0.17336494,0.009061491,0.11755567,-0.23386207,0.011778107,0.05570704,0.17620908,-0.2598027,-0.19360238,0.076177895,0.13794415,-0.12618496,0.1116657,0.07223577,-0.04784583,0.058456283,-0.10838806,-0.06741898,-0.12536381,0.06469892,0.25524297
Scale Factor,-0.05550448,-0.13206357,0.026118439,0.2749832,0.06149915,-0.2886308,0.055661052,-0.076482825,0.015787937,-0.11557818,0.2263569,-0.026289232,-0.26965275,0.033408158,0.075501435,0.09255025,0.12544021,0.09871488,0.03985033,-0.00025683918,0.12188389,0.13728593,0.06690458,-0.40866405,0.22388206,-0.026213387,0.105945416,0.033075523,-0.017802645,0.01905778,-0.014952235,0.11609613,0.13217954,-0.054549024,-0.003230031,0.23042344,0.07942038,0.22024898,0.15141004,0.071180634,-0.116876446,0.058589514,0.06750702,-0.14257981,-0.13389176,0.1883412,-0.045256723,-0.0940585,-0.28475043,0.005473171
Scatter Plot,0.16652833,0.108739264,-0.020343373,0.34337604,0.13401605,-0.10663902,-0.096145965,0.20491037,-0.0146091385,-0.117915735,0.013863083,0.059317194,-0.1369495,0.04262918,-0.14883153,0.14324248,0.21666802,-0.16973174,-0.21173757,0.15652855,-0.28697827,0.039674748,0.34853697,-0.032906104,-0.15464462,0.0027198594,-0.056074165,-0.034124333,-0.05773936,0.050407782,0.0444003,-0.11942343,-0.023308821,0.055025555,-0.012510578,-0.019719541,0.15357476,-0.052294035,-0.0014660984,-0.28908733,0.17244737,-0.13152012,0.10522535,-0.04236894,-0.04709528,-0.08465045,0.056395493,-0.13055018,0.26597506,0.065625235
Scientific Notation,0.15570825,0.14342098,-0.30001143,0.14035155,0.09492253,0.32430717,0.21676575,-0.13374045,-0.07781309,0.1040717,0.18139684,0.092265435,0.18239625,-0.043661624,-0.14201094,0.18472706,0.036113705,0.11762933,-0.14230096,-0.09109383,0.096674375,-0.03934725,0.2914473,-0.10760986,-0.22332557,0.11330954,0.02289103,0.02631811,0.3076739,-0.2718284,0.034557723,0.024403084,0.05206232,0.0796245,-0.062520504,-0.047864597,-0.035967376,-0.045858,0.11334267,-0.10479416,-0.12939845,-0.14649011,-0.006920727,0.16057143,-0.113715775,0.03694517,-0.106690586,-0.030264778,-0.0009630766,-0.012949831
Simplifying Expressions positive exponents,0.06697027,-0.008561868,0.07540114,0.051058922,0.2217144,0.29505345,0.11009065,-0.01780705,0.14095263,0.0033612063,-0.1536962,0.13411205,0.068966866,0.086896576,-0.1240873,0.16625546,0.042480107,-0.052002482,0.06935474,-0.18812862,-0.059502624,0.046263244,0.061079316,-0.29751426,-0.11326952,-0.1890383,0.011319382,-0.09652205,0.29054648,-0.26629397,0.1805684,-0.10753439,0.08542512,-0.092918135,0.020002024,-0.003372186,0.21222068,-0.10304248,-0.20860693,0.030177468,-0.053943086,-0.020516323,-0.10334637,-0.13173293,-0.032283656,-0.23735483,0.08376524,0.26070678,-0.0046468033,-0.20332934
Solving Inequalities,0.03286538,-0.26035494,0.028350646,-0.11110922,0.0066998294,0.13393497,-0.06119336,0.1171657,0.08363319,-0.17401546,-0.15455973,-0.09482391,-0.0028336612,-0.11637533,-0.118260086,0.0201732,-0.027432164,0.016349789,0.10550894,-0.12867442,0.12661621,-0.009533564,-0.10172686,-0.0020819295,-0.1259461,0.27371466,-0.0024084654,0.005863175,-0.063857414,-0.018886795,-0.087800205,-0.34852877,0.0041060937,-0.07613443,0.12830909,-0.0018635285,0.12585573,-0.2588464,0.11330034,0.2624269,0.35909483,0.10227599,0.035790328,-0.035617568,0.24926063,0.0650295,0.039425094,0.22476096,-0.23925637,0.018655455
Solving Systems of Linear Equations,0.023981767,-0.084444016,0.0983312,-0.026193252,0.09547188,0.10201481,-0.14966193,-0.052766137,-0.0005515317,0.17835534,0.092369966,0.07360742,0.1161978,0.30736285,-0.09715845,-0.011075862,-0.06109095,0.16100636,-0.10394101,-0.017513983,-0.041106436,-0.06606468,-0.10425314,-0.12336747,-0.060992282,0.22640647,0.1347483,-0.13978598,0.04109555,-0.08766546,0.20405021,-0.28247714,0.28601447,0.2079158,-0.019012375,-0.2082315,0.22130136,-0.2723009,-0.22428319,-0.00675186,-0.14862192,-0.015465112,-0.03302248,-0.17619385,-0.11380652,-0.11633744,0.14065874,0.015287626,-0.016261403,-0.18463431
Solving Systems of Linear Equations by Graphing,0.040838543,0.16371997,0.14055908,-0.20534742,0.044219967,0.08600793,-0.051474452,0.020833256,0.17811406,0.10319234,0.06520417,-0.06801396,0.079999276,0.2074309,-0.12370525,0.049115464,0.028684674,0.2069523,-0.14211793,0.05516161,-0.07260548,-0.04868406,0.009807233,-0.07178231,0.17788607,0.06336921,0.08095609,-0.24126229,0.024133135,-0.24336888,0.33860224,-0.070006594,0.19328195,0.21432754,0.072783284,-0.35498342,0.20828483,-0.21195264,-0.2103083,-0.020398755,0.07834242,-0.11160125,-0.09596093,-0.13429654,-0.07803745,-0.112075314,0.04561439,0.06575388,0.012922821,-0.02432116
Solving for a variable,0.12890811,-0.00013018376,0.08079472,0.28096303,-0.042862292,-0.029595708,0.09699991,-0.15337546,0.030335974,0.19298145,-0.008432106,-0.05414782,-0.025002275,0.08443062,-0.014816688,-0.011646861,0.05317279,0.19913012,-0.043086417,-0.2722182,0.1973293,-0.26712078,0.081212796,-0.09726403,0.17532225,-0.10184212,-0.07113762,0.0011887894,-0.026406059,0.2658373,-0.052433707,0.029363252,-0.12424517,0.19914852,-0.011532073,-0.061782587,0.073118545,0.26089376,0.042683374,-0.14034076,0.25980014,0.17115298,-0.30814645,-0.13147956,-0.14775024,0.13357633,0.098493256,-0.111320384,-0.1016872,-0.10928871
Square Root,0.07573671,0.12092816,0.05155469,0.15329143,0.0019523964,-0.018263029,-0.10040445,0.019037431,-0.06661154,0.30330437,-0.01361843,0.116778575,0.22194818,-0.03636755,-0.058324844,-0.010968189,0.09627686,0.0060796784,0.008707069,-0.056530617,0.12085269,0.03888575,0.084422246,-0.121834785,-0.13085942,-0.22614127,0.36728984,0.1538022,0.11058673,-0.18137631,0.26330528,0.24774237,-0.13025366,-0.044034503,-0.041658234,0.18492483,-0.10327846,-0.10782912,0.15099773,0.008632009,-0.07204634,-0.3480337,-0.07808043,-0.02821127,-0.06290969,-0.15861325,-0.023135113,-0.018551754,0.21231304,0.12936738
Substitution,0.1203285,-0.06512929,-0.17427577,0.0266219,-0.33500525,-0.23140477,0.11836737,-0.078002535,-0.11782199,0.20193529,0.020932773,0.20426045,-0.054275345,0.0020143157,-0.19006029,-0.052359845,0.12546262,-0.34871933,0.20416753,-0.044631768,-0.02104672,-0.079726905,-0.067253344,0.19301482,0.059433248,0.17069097,-0.040252227,0.08863402,0.1192958,0.014634763,0.111970544,-0.1820498,0.029544398,-0.07091209,0.112594,-0.10145933,-0.026401654,0.12933132,0.061552893,0.059976045,0.10821799,0.08777088,-0.27092955,0.011390279,-0.02460153,0.15718287,-0.19962904,0.20650595,0.19672216,-0.026185125
Subtraction Whole Numbers,0.083160885,0.45468122,0.07260509,0.06983868,-0.12583189,-0.24958603,0.08690474,0.0750058,-0.107427135,0.044723444,-0.0030882177,0.27289018,-0.040404197,-0.10977639,0.0027810996,0.06440577,0.010242431,0.03806347,0.087305896,-0.13018984,-0.31930307,0.012712799,-0.14133093,0.16102846,-0.09895125,0.028174842,-0.23536628,0.1687583,-0.064034976,-0.1774921,0.019152572,0.068211615,-0.09156365,0.09306928,0.018566338,0.048222154,0.083174534,-0.04481175,0.13024978,0.02413973,-0.018949343,0.20346898,0.16791517,-0.0633256,-0.07535772,-0.2286793,-0.22445907,0.050907776,0.18502934,0.06684832
Surface Area Cylinder,0.13299422,-0.24573499,0.12344639,0.12095041,0.10574316,-0.019436657,0.041846696,0.1143701,-0.27668288,0.058557488,-0.17346905,-0.13696669,-0.19174807,0.05010452,0.019909682,-0.23039128,0.027243119,-0.03824857,-0.0056181443,0.11036402,0.20182197,-0.017417504,-0.20060255,-0.10502571,-0.0592863,0.09644522,0.011328582,0.029383143,-0.046217486,0.006097451,0.0044769216,-0.026594603,-0.20625848,0.025929863,-0.23695813,-0.09070766,0.12169611,0.22110303,-0.1104746,-0.19187221,-0.06732596,-0.06502664,0.23787296,-0.06589095,0.13986838,-0.13088655,0.42529324,-0.045180146,0.09417014,0.046629414
Surface Area Rectangular Prism,0.055919055,-0.17057718,-0.0032930456,-0.044925056,0.19350542,-0.05716956,0.1158926,-0.074089095,0.055652358,-0.178925,-0.16829586,-0.09711871,-0.19099945,0.11550724,-0.0058393055,-0.06690876,-0.07062017,-0.067833066,-0.044747103,0.02535332,0.2162848,-0.14642818,-0.1408718,-0.24018848,0.21240285,0.05026918,-0.090044364,0.18779144,-0.15851676,0.09672254,-0.10128978,-0.105860434,0.069523126,0.048849344,-0.17744264,-0.22643417,-0.074469805,0.17888804,-0.15580475,-0.18809077,-0.098515615,0.10435339,0.27254596,0.19788006,0.1670532,-0.19818114,0.23334152,-0.16846424,0.0405425,0.033085525
Surface Area Sphere,0.29336005,-0.19988424,0.07766115,0.012246805,0.15247735,-0.053402673,0.101228766,0.13307844,0.105812915,0.0014382972,-0.1454605,-0.20703238,-0.29616055,0.15107508,0.07243092,-0.20079482,0.10306534,0.03111762,0.07544064,0.18902051,0.18496476,-0.041008938,-0.0018679372,-0.070637785,-0.030423814,0.015250008,0.29044455,-0.09775104,0.031111997,0.0007285233,-0.16876216,-0.006044386,0.038781524,-0.14443152,-0.052137222,-0.2924058,-0.049422525,0.037367694,0.058963764,-0.21083014,-0.106203236,0.11267729,0.12657955,-0.21166068,0.071584895,-0.10859351,0.30516294,0.03439796,0.07483765,0.000702467
Surface Area of Prism,-0.07780137,-0.12163197,-0.06608565,0.03972256,0.07427894,0.0607652,0.012316811,-0.22166318,0.03220039,0.12598114,-0.040338095,-0.1338971,-0.08724476,-0.12994394,0.051964596,-0.33950052,0.053993348,0.13771544,0.09432828,0.1406712,0.07273171,-0.050596714,-0.043974653,0.10007849,-0.13140552,0.13548659,-0.047435656,-0.1343435,0.09587622,-0.2117933,-0.19175057,0.06898062,-0.14523542,0.09755442,0.15079822,-0.029705985,-0.08839455,0.29925635,0.19548717,-0.13702232,0.20468542,0.17544164,0.15308316,0.039876204,0.17965423,-0.30876064,0.2709944,0.004818206,0.08079659,0.0060127964
Translations,0.055469062,0.13058633,-0.092506915,-0.11062615,-0.336045,-0.17644428,0.21418485,0.1533844,0.11843311,-0.095659316,0.090095825,-0.12902552,0.109138325,0.086812854,0.0877737,0.028107155,-0.03746309,0.07313817,0.14629303,0.16987768,0.12776527,0.11163435,-0.015260616,-0.05763903,-0.3293196,0.009240319,0.14365263,0.07810436,-0.093386784,-0.12690185,-0.0143354265,-0.029131489,0.08790844,-0.09625146,-0.20745592,-0.09382837,0.0799153,-0.064057834,0.42262277,-0.096715406,0.17150478,-0.105669886,-0.284997,-0.08621754,-0.0032856518,0.03326322,-0.08398836,-0.102242045,-0.055171013,-0.032101925
Unit Conversion Standard to Metric,-0.0012071317,-0.1601727,0.0051349765,-0.0046208403,-0.17524076,0.1756476,-0.0924064,0.042139493,-0.17731148,-0.10010157,0.0019708073,-0.36868796,0.0019039694,-0.10906585,-0.109611295,0.035009447,0.29269594,0.015255041,0.0048762285,-0.07505935,0.15805411,0.12544334,0.07012297,-0.033672556,0.24376898,0.10386853,0.05334294,-0.15053558,0.15219148,0.12455369,0.020143118,0.1201634,0.16966109,0.028230635,-0.34797764,0.008537943,0.032720327,-0.10873727,-0.044116583,-0.08799679,0.08267051,-0.18441217,0.11275268,-0.07410152,-0.10041202,0.07171115,0.10673273,-0.09520112,-0.19399007,-0.326544
Unit Conversion Within a System,0.06540017,-0.062424365,-0.22233194,0.16535226,-0.13503514,-0.004937619,0.1367456,-0.06347816,0.01661547,-0.07394082,0.059160568,-0.37219015,-0.08297571,-0.14155398,-0.34752396,0.01713369,-0.0128974505,0.04989988,-0.046592016,0.09600587,0.10493045,0.13869622,0.15971401,0.16105863,0.061103992,0.03976387,-0.014989103,-0.21837156,-0.10731022,0.049200494,0.023433376,0.1596398,0.1227324,0.23774989,0.16162701,0.03152545,-0.18824276,-0.078127414,0.03774709,0.057130452,-0.28104314,-0.091759466,-0.1555657,-0.18446183,-0.11953608,0.2322258,-0.11515949,-0.08074254,0.08326585,0.062248603
Unit Rate,-0.053029116,-0.003901429,-0.026347885,0.17350262,0.022888318,-0.012711583,0.10150119,-0.02883975,0.24298565,0.059816044,-0.037014026,-0.02613211,-0.25499827,0.039651185,0.16199413,0.15957987,-0.16908783,-0.03215505,0.1421424,0.114105366,0.012878231,-0.14677268,-0.05301495,0.010067074,0.19220085,-0.012380891,0.06881548,0.15871906,0.017016767,0.09072182,0.04433278,0.06243211,0.09522257,-0.082969315,-0.15381387,0.065598674,-0.02701388,-0.064127274,0.27046683,0.30576542,-0.051317416,-0.33697888,-0.18189523,-0.060380157,-0.12913166,0.22587122,0.21725807,0.06266283,-0.17669284,-0.29041985
Venn Diagram,-0.067242675,0.022845287,-0.0073915725,0.027738068,-0.20750998,0.18435907,0.016226755,0.10067842,-0.012682743,-0.021475598,-0.22314337,0.001239274,-0.27167207,-0.15139125,0.058424708,0.2525604,0.16354206,-0.18534175,-0.16697523,0.07975279,-0.19271313,-0.14226562,0.25069064,-0.19923788,0.054531824,-0.25895286,0.0029266367,0.046297897,-0.058468003,-0.095009185,-0.18427768,0.21153526,-0.122370325,-0.013419087,-0.06897139,-0.080990806,-0.00089308165,-0.21450675,0.051924508,-0.049440783,-0.12804875,0.018150248,0.06987544,-0.0031343154,-0.03946292,0.22445418,0.051449396,-0.106067576,0.14711478,0.29500884
Volume Cone,0.08460019,-0.16957061,-0.032553647,-0.14889964,0.15891649,0.049974483,0.13332173,0.12819362,-0.12086178,-0.0025255287,0.120707385,-0.16119546,0.004514211,0.021482645,-0.15740535,-0.10588391,0.18509164,0.069866806,-0.10359035,0.2150244,0.055899978,0.00035700618,0.0824973,-0.1341246,-0.025276432,-0.0134017235,0.07145716,-0.18977559,-0.114945255,-0.33318037,0.014347036,-0.033169027,-0.13180189,-0.24973482,-0.26048213,-0.12421228,-0.03934468,0.004521969,-0.0094269905,-0.3222006,0.27756962,-0.02008428,0.17357276,-0.16951104,-0.09710538,0.09440663,0.14313075,0.22367296,-0.02776759,-0.03657324
Volume Cylinder,-0.0052733435,0.079406664,0.047357216,-0.17080311,0.12238038,0.21153821,0.11200819,0.23325917,-0.22168328,0.03176284,-0.0025903846,-0.016243212,-0.12873739,-0.08461593,-0.11278847,-0.096434735,0.041548807,-0.08707161,0.1712733,0.29848698,0.20552938,-0.085513696,0.06658523,-0.20652187,-0.016014023,-0.028748343,0.188108,0.0702991,-0.081646875,-0.18848026,-0.009034692,0.08723079,-5.6814544e-05,-0.052693516,-0.25678703,-0.18258631,0.087929696,-0.161585,-0.09699042,-0.26742262,0.18320209,0.053707022,0.24778281,0.011990442,-0.1116086,0.0129641285,0.29267293,0.020648414,0.09957779,0.017189465
Volume Prism,0.0679033,-0.13010718,-0.23594482,0.08393525,0.085958704,-0.010979496,0.08737358,0.10133406,-0.075674266,-0.14632201,0.117869794,0.050296098,-0.18454881,-0.14924915,-0.07802245,-0.29530853,0.078889,-0.036027163,0.113807835,0.3237873,0.3427008,-0.17742223,0.1672402,-0.15857632,-0.051102053,0.013679781,-0.08212612,0.060563073,-0.03401388,-0.060300622,-0.021012286,0.22713093,-0.02743677,0.08292311,-0.1029792,-0.15706228,-0.11873235,0.26230732,0.03023944,-0.0053763054,0.1713877,-0.08778508,0.14354393,-0.11814501,0.081800975,-0.27823523,0.085770965,-0.04054094,0.08137847,-0.04051763
Volume Pyramid,-0.18950936,-0.103979506,0.09018927,-0.12437464,-0.040378004,0.08623643,0.14326888,0.18303233,-0.053877186,-0.067657605,0.07013008,0.06476064,-0.12650248,-0.033730682,-0.10856237,-0.06105034,0.08681353,0.29315367,-0.22187923,0.21686345,0.13646992,0.11198826,-0.06263774,-0.26332814,-0.018178787,0.04379625,0.008843055,-0.096981235,-0.27626854,-0.11352337,-0.10007622,0.070868604,0.030588957,-0.10617764,-0.40712082,-0.20822623,0.07911577,0.025966821,-0.016783455,-0.1702602,0.12312242,-0.027287334,-0.07104301,-0.057877894,0.010411863,-0.04213299,0.2140262,0.24517426,0.060521975,-0.11789759
Volume Rectangular Prism,0.09981492,-0.018908968,0.031345025,-0.107335076,0.04849125,-0.00021820804,-0.03578936,0.17522334,-0.18721959,-0.13050863,0.019419558,-0.2324914,-0.21725437,-0.17543873,-0.18449494,-0.08587961,0.0694761,-0.07182354,0.127883,0.16949305,-0.05093271,-0.02805665,0.034669958,-0.17558792,-0.014229656,-0.011330778,-0.014345308,0.08770035,-0.35937336,0.15938741,-0.12045713,0.124965645,0.15594086,0.0051271785,-0.19266845,-0.13900402,-0.37116548,-0.052393436,0.020703422,-0.22901219,-0.17297086,-0.019171515,0.057022467,0.081744514,0.10692257,-0.13901283,0.2255171,0.12942988,0.018710637,-0.14295924
Volume Sphere,-0.08642217,-0.2531229,0.15774202,-0.29774833,-0.05621506,0.10054821,0.25177237,0.20412281,-0.075479895,0.1030437,0.058110826,-0.19592966,-0.04239101,0.057689346,-0.11047079,-0.21636976,0.20980828,-0.11319139,0.08646756,0.018940726,0.26472166,-0.012350413,0.14880107,0.0071078325,-0.06610909,-0.02828782,0.17223957,0.047850266,-0.016923321,-0.20575137,-0.20867495,0.063836314,0.1424168,0.02513717,-0.22354364,-0.10160759,0.012463158,-0.15789959,0.1115439,-0.21239698,0.13022642,0.08580501,-0.117129534,-0.18402632,0.036059424,-0.050076112,0.17190136,-0.070576824,-0.07383292,-0.10181733
Write Linear Equation from Graph,0.07412693,0.08400837,-0.020562867,-0.019500654,-0.1303577,0.023477912,-0.04576445,-0.046283063,-0.06576527,0.09646402,0.13821684,-0.13927929,0.10166049,0.062479235,0.0027851139,0.21978566,-0.13681018,-0.09802317,0.0034778148,0.075908676,0.25718352,0.011921797,0.32062316,-0.12225973,-0.15677041,-0.11719643,0.029879637,-0.35584137,-0.013256975,-0.11885938,0.084733754,-0.28625605,-0.027626315,0.10599587,-0.08561309,-0.36115205,0.11675222,-0.17429882,-0.14478014,0.094823845,0.2209358,0.028261488,-0.024290072,-0.16059388,-0.10964201,-0.10338628,0.03511123,-0.03516996,-0.19432327,-0.011729075
Write Linear Equation from Ordered Pairs,-0.10786364,-0.044843778,-0.12136682,-0.019137856,-0.21881683,0.020990275,0.055981915,0.07646268,-0.12631372,0.094648086,0.10694875,-0.073408015,-0.024574054,0.090340585,0.004557256,0.2689385,-0.11129865,-0.041687205,-0.1431274,-0.107042335,0.10480519,-0.2073549,0.037226427,0.068218954,-0.047169477,-0.16900867,-0.0416226,-0.12014116,0.19804502,0.20876467,0.18479106,-0.13592607,0.035757765,0.006480334,0.022101358,-0.43464237,0.09783989,-0.26221654,-0.0013890507,-0.028110007,0.15785117,0.09685188,-0.06733335,-0.1687979,0.13953225,-0.16293857,0.21744043,0.099228494,0.039532058,-0.24648231
Write Linear Equation from Situation,0.22429879,-0.17011364,-0.18200195,0.11769799,-0.15971065,0.0051264972,-0.019804996,-0.10819956,-0.1644281,0.30238372,0.04487181,-0.03674373,-0.15679738,-0.0140847415,0.042717483,0.22829105,0.07283308,-0.17956021,0.11581476,0.100903414,-0.05738565,-0.026035132,-0.14652851,-0.053790364,-0.017748622,-0.15896592,-0.064041294,-0.39477953,-0.03403441,-0.027384998,0.1384152,-0.18166937,0.1399467,-0.16719598,-0.011080361,-0.24786761,-0.08376056,-0.012149457,0.17257686,-0.022424472,0.13084732,0.07325901,-0.069731995,-0.044914477,-0.27041486,-0.114259966,0.0019435369,-0.08993175,0.17517217,-0.074974
Write Linear Equation from Slope and y-intercept,-0.09942347,0.1413536,0.017067226,0.07015899,0.057847705,0.12290232,0.05917633,0.08977622,-0.083135106,0.25287256,0.13664366,-0.052881207,0.011369117,0.07221706,0.14252333,0.1601109,0.009380364,0.12279636,-0.1760845,-0.13240671,0.19510937,-0.04961543,0.24126802,0.02519366,0.028854297,-0.13623168,0.013223829,-0.38541552,-0.007405474,0.2257351,0.22236383,-0.23076431,-0.1012387,-0.033434507,0.17039846,-0.31352082,0.1303348,0.03810636,-0.13574211,0.1038792,0.093329206,0.12858416,0.060201142,0.0021006495,0.2384667,0.09070843,-0.033611182,0.11247178,0.09704304,-0.053603627
Writine Expression from Diagrams,0.0756526,0.19258144,-0.17026515,-0.052981004,0.13589925,0.018629046,-0.41813487,-0.057338037,-0.07178299,-0.039362673,-0.26602694,0.22326533,0.026211752,-0.10443095,0.090785824,-0.09743624,0.3561209,-0.16257133,-0.08860879,0.021748893,-0.016541433,0.089591146,-0.044288717,-0.017520625,0.056228492,-0.15498729,-0.13625912,0.009210084,0.06274222,-0.11571441,-0.065028206,-0.053100474,-0.2192612,-0.049638867,0.01839168,-0.07937284,-0.07958081,-0.05385801,-0.0012929692,0.28660765,0.069299005,0.088106215,-0.07643469,0.20962453,-0.09838504,0.17940392,-0.14575146,0.14000908,0.12650353,-0.14081194
X-Y Graph Reading,0.034682143,0.10989726,0.03816225,0.005819062,0.075061604,-0.08785322,0.17774384,0.23241262,-0.031250037,0.0028148927,-0.14869262,-0.2648178,0.1758754,-0.13881847,-0.058198918,0.032244597,0.016595881,-0.1528108,0.08788089,-0.06971526,0.07001107,-0.037485123,0.16650768,-0.1206573,-0.24279206,0.2652058,0.11610162,0.009916613,0.23656812,0.15998156,0.09238666,-0.16080226,0.14255701,0.12596282,0.083853416,0.08274443,0.17160308,0.11421347,0.12094798,0.19282234,-0.14871071,-0.018121913,-0.07561491,0.06659685,-0.1544934,0.14860924,-0.08617526,-0.2749632,0.122807726,-0.27161682
